Workbook
Name Adressenliste: 'Adressdaten'!$A$5:$V$173
Name Mailingliste: 'Mailingdaten'!$A$5:$F$173

Sheet Exportdaten
H1: Export durchgeführt am: | J1: 46080.679
H2: Auftraggeber: | J2: Thomas Humitsch
H3: Grund: | J3: Anderer Grund Standesführung Mitarbeiterdaten aktualisieren | AG3: Zustelladresse
A5: CbrPoint | B5: LaufendeNummer | C5: Anrede | D5: Berufstitel | E5: AkademischerGrad | F5: VornamePrae | G5: Vorname | H5: Vorname2 | I5: VornamePost | J5: NachnamePrae | K5: Nachname | L5: NachnamePost | M5: Orden | N5: PostgradualerTitel | O5: Couleurname | P5: Anmerkungen | Q5: Leibbursch | R5: Urverbindung | S5: Mitgliedstatus | T5: Reception | U5: Branderung | V5: Burschung | W5: Philistrierung | X5: Austritt | Y5: Kalkül | Z5: Geburtsdatum | AA5: Geburtsort | AB5: Sterbedatum | AC5: SterbeOrt | AD5: SterbeDetails | AE5: Akademia Versand | AF5: Verbindungszeitung | AG5: Adresstyp | AH5: Strasse | AI5: PLZ | AJ5: Ort | AK5: co1 | AL5: co2 | AM5: Land | AN5: Bundesland | AO5: Mobil Privat | AP5: Mobil Dienstlich | AQ5: Telefon Sonstige | AR5: E-Mail | AS5: Studien | AT5: Berufe | AU5: Ehrungen | AV5: Chargen | AW5: AktuelleChargen | AX5: Mitgliedschaften ÖCV | AY5: Mitgliedschaften MKV | AZ5: Mitgliedschaften CV | BA5: Mitgliedschaften Andere
A6: 10500102 | C6: Herrn | G6: Maximilian | H6: Joseph Andreas | K6: Amort | O6: Stoiber | Q6: Paul Melbinger v. Zippo | R6: Alb | S6: UP | T6: 02.12.2011 | U6: 22.06.2012 | V6: 01.02.2013 | W6: 04.03.2024 | Y6: Mitgliedschaft ist aufrecht | Z6: 17.03.1990 | AA6: Berchtesgaden | AE6: elektronisch | AF6: postalisch | AG6: Privatadresse | AH6: 38, rue de la Corniche | AI6: 5956 | AJ6: Itzig | AM6: LUXEMBURG | AO6: +352 621 572088 | AR6: maximilian.amort@gmail.com | AS6: - Wirtschaftsingenieurwesen - Maschinenbau (TU Graz) | - Maschinenbau (Uni im Ausland) | AV6: Alb:Schriftführer (SS 2013) | Alb:Consenior (WS 2013/14) | Alb:Fuchsmajor (SS 2014) | AX6: Alb v. Stoiber (UP:2.12.2011) | AY6: IVS v. Cervus (UP:12.3.2010), NMG v. Cervus (BP:9.2.2013), AMV v. Cervus (BP:6.4.2013) | BA6: IVS v. Cervus (UP:12.3.2010), NMG v. Cervus (BP:9.2.2013), AMV v. Cervus (BP:6.4.2013)
A7: 10500150 | C7: Herrn | E7: Dr. | G7: Engelbert | K7: Aspeck | O7: Paracelsus | R7: Alb | S7: UP | T7: 06.10.1992 | V7: 08.10.1993 | W7: 19.04.2007 | Y7: Mitgliedschaft ist aufrecht | Z7: 11.04.1970 | AE7: elektronisch | AF7: postalisch | AG7: Privatadresse | AH7: Unterer Plattenweg 65 | AI7: 8043 | AJ7: Graz | AM7: ÖSTERREICH | AN7: STMK | AO7: +43 664 4012509 | AR7: engelbert.aspeck@outlook.com | AS7: 1989 - Medizin - keine Angabe (Uni Graz) | AT7: Öffentlicher Dienst - Spitäler, Rehab., Kuranst. u. dgl. - Landeskrankenhäuser-Assistenzarzt-LKH Graz, Univ. Klinik f. Neurologie | AU7: Alb 50-Semester Jubelband (28.10.2017) | AX7: Alb v. Paracelsus (UP:6.10.1992) | AY7: AMV v. Paracelsus (UP:8.4.2000) | BA7: AMV v. Paracelsus (UP:8.4.2000)
A8: 10500310 | C8: Herrn | G8: Gerald | K8: Baumschlager | N8: BSc | O8: HalloElke | Q8: Michael Franz Eibl v. Betöng | R8: Alb | S8: BU | T8: 01.10.2021 | U8: 09.07.2022 | V8: 10.03.2023 | Y8: Mitgliedschaft ist aufrecht | Z8: 22.02.1997 | AA8: Kirchdorf a.d. Krems | AE8: elektronisch | AF8: postalisch | AG8: Privatadresse | AH8: Kettengasse 3b / 14 | AI8: 8010 | AJ8: Graz | AM8: ÖSTERREICH | AN8: STMK | AO8: +43 664 3486600 | AR8: gerald.baumschlager@gmail.com | AS8: 2015 - 2020 Biomedical Engineering (VetMed Wien) | 2021 - Biotechnologie (TU Graz) | AV8: Alb:Barwart (WS 2022/23) | Alb:Kassier (SS 2023) | Alb:Kassier (SS 2024) | GCV:OV-Vizepräsident 2 (Von 01. Jul. 2024 bis 30. Jun. 2025) | Alb:Fuchsmajor (WS 2025/26) | AX8: Alb v. HalloElke (BU:1.10.2021)
A9: 10500298 | C9: Herrn | G9: Matthias | K9: Berger | O9: HengtBoss | Q9: Maximilian Grillitsch v. Baking Bread | R9: Alb | S9: BU | T9: 27.10.2018 | U9: 24.05.2019 | V9: 04.10.2019 | Y9: Mitgliedschaft ist aufrecht | Z9: 27.07.1995 | AA9: Kirchdorf | AE9: elektronisch | AF9: postalisch | AG9: Privatadresse | AH9: Raimundgasse 2/1 | AI9: 8010 | AJ9: Graz | AM9: ÖSTERREICH | AN9: STMK | AO9: +43 660 7688671 | AR9: bergermatthias95@gmail.com | AS9: 2016 - 2022 Betriebswirtschaft - keine Angabe (Uni Graz) | 2022 - Wirtschaftsinformatik - Betriebswirtschaft (Uni Graz) | AT9: Privatwirtschaft - Dienstleistung - Banken-Angestellter - Finanzierungen/Investitionen-Financial Analyst | AV9: Alb:Kassier (WS 2019/20) | Alb:Kassier (SS 2020) | Alb:Senior (WS 2020/21) | Alb:Fuchsmajor 2 (SS 2021) | AX9: Alb v. HengtBoss (BU:27.10.2018) | AY9: GTS (BU:), ASG (VA:), OPK (BI:) | BA9: GTS (BU:), ASG (VA:), OPK (BI:)
A10: 10500022 | C10: Herrn | E10: DI (FH) | G10: David | K10: Binder | O10: Kojak II. | Q10: Bernhard Kainz v. Schäpfer | R10: Alb | S10: UP | T10: 22.05.2003 | V10: 30.10.2004 | W10: 28.10.2006 | Y10: Mitgliedschaft ist aufrecht | Z10: 17.10.1980 | AA10: Graz | AE10: postalisch | AF10: postalisch | AG10: Privatadresse | AH10: Dorfstraße 58 | AI10: 8403 | AJ10: Sankt Margarethen bei Lebring | AM10: ÖSTERREICH | AN10: STMK | AO10: +43 664 1344558 | AQ10: Telefon dienstlich:+43 316 269747-21 | AR10: david.binder@gmx.at | AS10: 2000 - 2004 Informationsmanagement (FH Joanneum) | AT10: Privatwirtschaft - Dienstleistung - IT-Angestellter - Geschäftsführer - Geschäftsleitung/Management- | AV10: Alb:Consenior (WS 2004/05) | Alb:Fuchsmajor (SS 2005) | Alb:Fuchsmajor (WS 2005/06) | AX10: Alb v. Kojak II. (UP:22.5.2003) | AY10: LRG v. Kojak (BP:_._.1999), RBF v. Kojak (UP:_.12.1996), SOW v. Kojak (BP:_._.2006) | BA10: LRG v. Kojak (BP:_._.1999), RBF v. Kojak (UP:_.12.1996), SOW v. Kojak (BP:_._.2006)
A11: 13101359 | C11: Herrn | D11: RA | E11: Mag. | G11: Stefan | H11: Albert | K11: Blümke | O11: Pizzi | R11: R-J | S11: UP | T11: 24.05.1997 | V11: 09.10.1998 | W11: 07.10.2008 | Y11: Mitgliedschaft ist aufrecht | Z11: 05.05.1978 | AE11: postalisch | AF11: postalisch | AG11: Privatadresse | AH11: Bergerweg 3 | AI11: 4212 | AJ11: Neumarkt im Mühlkreis | AM11: ÖSTERREICH | AN11: OÖ | AO11: +43 650 6261984 | AR11: bluemke@bssk.at | AS11: 0 - 0 Rechtswissenschaften - Doktoratsstudium der Rechtswissenschaften (Uni Salzburg) | AT11: Öffentliche Wirtschaft - Soziale Verwaltung - Sozialversicherung-Referent - Recht- | AV11: GCV:OV-Präsident (Von 01. Jul. 2001 bis 30. Jun. 2002) | R-J:Senior (SS 2003) | R-J:Fuchsmajor (SS 2005) | SCV:OV-Präsident (Von 26. Sep. 2007 bis 30. Jun. 2008) | Ma:Philisterconsenior 2 (Von 29. Nov. 2014 bis 30. Jun. 2017) | AX11: R-J v. Pizzi (UP:24.5.1997), Alb v. Pizzi (BP:_._.2002), Ma v. Pizzi (EP:29.11.2014)
A12: 10500121 | C12: Herrn | E12: Dr. | G12: Reinhold | K12: Böhler | O12: Cid | R12: Alb | S12: UP | T12: 06.11.1963 | V12: 13.04.1964 | Y12: Mitgliedschaft ist aufrecht | Z12: 12.05.1940 | AE12: postalisch | AF12: postalisch | AG12: Privatadresse | AH12: Schulweg 5A | AI12: 6973 | AJ12: Höchst | AM12: ÖSTERREICH | AN12: V | AO12: +43 664 1605378 | AQ12: Telefon privat:+43 5578 77399 Fax privat:+43 5522 32653 | AR12: boehler.reinhold@gmail.com | AS12: 0 - 0 Medizin - keine Angabe | AT12: Freie Berufe - Arzt-Pensionist/im Ruhestand - Freiberufler - Bereichsleitung- | AX12: Alb v. Cid (UP:6.11.1963)
A13: 10500100 | C13: Herrn | D13: Prof. | E13: Mag. | G13: Gebhard | K13: Brandweiner | O13: SichaNet | Q13: Heribert Probst v. Yoda | R13: Alb | S13: UP | T13: 29.10.2011 | U13: 03.03.2012 | V13: 22.06.2012 | W13: 23.10.2021 | Y13: Mitgliedschaft ist aufrecht | Z13: 28.11.1990 | AA13: Hallein | AE13: postalisch | AF13: postalisch | AG13: Privatadresse | AH13: Schillerstraße 27a/1 | AI13: 8010 | AJ13: Graz | AM13: ÖSTERREICH | AN13: STMK | AO13: +43 660 1424909 | AR13: sichanet@albertina-graz.at | AS13: 2011 - 2012 Fachtheologie (Katholische Theologie) - keine Angabe (Uni Graz) | 2013 - 2021 Kombinierte Religionspädagogik (Katholische Theologie) - Geschichte Studienzweig: Geschichte und Sozialkunde (Lehramt) (Uni Graz) | AT13: Öffentlicher Dienst - Schulen-Lehrer/Prof. (Uni. und/oder Schule) - Religion/Theologie-Lehrer | AU13: Alb Dank-Band (26.10.2024) | AV13: Alb:Barwart 1 (SS 2012) | GCV:OV-Präsident (Von 01. Jul. 2014 bis 30. Jun. 2015) | Alb:Fuchsmajor (SS 2016) | Alb:Senior (WS 2016/17) | Alb:Schriftführer (WS 2020/21) | Alb:Schriftführer (SS 2021) | AHLB STMK:AHLB-Schriftführer (Ab 01. Mrz. 2025) | ÖCV:AHS-Referent (Ab 01. Jul. 2025) | Alb:Standesführer ÖCV.Net (Ab 26. Jan. 2026) | Alb:Fuchsmajor 2 (SS 2026) | AW13: AHLB STMK:AHLB-Schriftführer (Ab 01. Mrz. 2025) | ÖCV:AHS-Referent (Ab 01. Jul. 2025) | Alb:Fuchsmajor 2 (SS 2026) | Alb:Standesführer ÖCV.Net (Ab 26. Jan. 2026) | AX13: Alb v. SichaNet (UP:29.10.2011) | AY13: ILH v. Philos (UP:23.9.2006), ASG v. Philos (BP:29.6.2012), PLP v. Philos (EM:6.12.2025) | BA13: ILH v. Philos (UP:23.9.2006), ASG v. Philos (BP:29.6.2012), PLP v. Philos (EM:6.12.2025)
A14: 11100786 | B14: 786 | C14: Herrn | D14: Gschf. | E14: Dipl.-Ing. | G14: Gernot | K14: Brandweiner | N14: MBA | O14: Stiel | P14: 13.02.1956: Ehe mit Gunda, Kinder: Gernot (* 1984), Gudrun (* 1986), Gebhard (* ...) | 13.02.1956: Unter seinem Seniorat im SS 78 wurde die ursprünglich von Cbr. Kurt Melchard v/o Goggo (NbW) als Verkehrsaktiver 1968 begründete Verbindungszeitung "Der Standpunkt" mit dem neuen Namen "Convent" wieder aktiviert und bildet seither einen fixen Bestandteil der verbindungsinternen Kommunikation. Der "Convent" wurde danach über mehrere Jahre von Peter Rindler v/o Mahlzeit redigiert. (siehe auch BbG-Verbindungsbuch 1980, Seite 57 und 80). | | Q14: Albert Wogrolly (Dim) v. Schnucki | R14: BbG | S14: UP | T14: 24.06.1976 | V14: 01.06.1977 | W14: 25.01.1983 | Y14: Mitgliedschaft ist aufrecht | Z14: 13.02.1956 | AA14: Hallein | AE14: postalisch | AF14: postalisch | AG14: Privatadresse | AH14: Krispl 70 | AI14: 5425 | AJ14: Krispl | AM14: ÖSTERREICH | AO14: +43 676 5805461 | AQ14: Fax privat:+43 6240 520 Telefon privat:+43 6240 520 | AR14: brandweiner_gernot@outlook.com | AS14: 1975 - 1981 Vermessungswesen - keine Angabe (TU Graz) | 1995 - 1997 Master of Business Administration - keine Angabe (Uni Krems) | AT14: Privatwirtschaft - Industrie - Bau und Baustoffe-Pensionist/im Ruhestand - Geschäftsführer-Geschäftsführer / VÖB - Verband österr. Beton- u. Fertigteilwerke, Wien | AU14: BbG 50-Semester Jubelband (16.06.2001) | BbG 75-Semester Jubelband (21.06.2014) | AV14: BbG:Kassier 2 (SS 1977) | BbG:Senior (SS 1978) | AHLB S:AHLB-Vorsitzender (Von 20. Nov. 1998 bis 28. Nov. 2003) | ÖCV:Vors. des AHLR und 1. Stv. Vors. der AHS (Von 01. Jul. 2003 bis 25. Mai. 2006) | AX14: BbG v. Stiel (UP:24.6.1976), Alb v. Stiel (BP:_._.1979), Rp v. Stiel (BP:23.6.2001) | AY14: ILH v. Stiel (EP:14.10.1989) | BA14: ILH v. Stiel (EP:14.10.1989)
A15: 10500044 | C15: Herrn | D15: FA | E15: Dr. | G15: Viktor | K15: Brudniak | O15: Ex | R15: Alb | S15: UP | T15: 27.10.1979 | V15: 25.11.1980 | W15: 1990 | Y15: Mitgliedschaft ist aufrecht | Z15: 05.10.1960 | AE15: postalisch | AF15: postalisch | AG15: Privatadresse | AH15: Kresbach 138 | AI15: 8530 | AJ15: Deutschlandsberg | AM15: ÖSTERREICH | AN15: STMK | AQ15: Telefon privat:+43 3462 7983 Fax dienstlich:+43 3462 7711-14 Telefon dienstlich:+43 3462 7711-13 | AR15: viktor.brudniak@gmx.at | AS15: 1979 - Medizin - keine Angabe (Uni Graz) | AT15: Freie Berufe - Arzt - FA für Lungenheilkunde-- | AX15: Alb v. Ex (UP:27.10.1979)
A16: 10500229 | C16: Herrn | D16: RA | E16: Mag. Dr. | G16: Lukas | K16: Charisius | O16: Enrico | Q16: Martin Fimberger v. Freibier | R16: Alb | S16: UP | T16: 30.01.1995 | V16: 06.10.1996 | W16: 19.04.2007 | Y16: Mitgliedschaft ist aufrecht | Z16: 24.04.1976 | AE16: postalisch | AF16: postalisch | AG16: Privatadresse | AH16: Max-Valier-Straße 24 | AI16: 39100 | AJ16: Bozen | AM16: ITALIEN | AO16: +39 339 2355963 | AQ16: Telefon privat:+39 0471 402183 Telefon dienstlich:+39 0471 344123 | AR16: lukas.charisius@jus.cc | AS16: 1994 - Rechtswissenschaften - keine Angabe (Uni Graz) | 1996 - Soziologie - Geisteswissenschaftlicher Studienzweig (Uni Graz) | AT16: Privatwirtschaft - Industrie - Nahrungs- und Genußmittel-Jurist- | AX16: Alb v. Enrico (UP:30.1.1995)
A17: 12200062 | C17: Herrn | E17: Dr. | G17: Markus | K17: Charisius | O17: Merlin | R17: Lo | S17: UP | T17: 09.10.1990 | U17: 29.06.1991 | V17: 05.10.1991 | W17: 07.03.2006 | Y17: Mitgliedschaft ist aufrecht | Z17: 21.03.1972 | AA17: Salzburg | AE17: elektronisch | AF17: postalisch | AO17: +43 664 5365843 | AQ17: Telefon dienstlich:+43 4244 22155 | AR17: markus.charisius@gmail.com | AS17: 1990 - 1991 Rechtswissenschaften - keine Angabe (Uni Salzburg) | 1991 - 1994 Medizin - keine Angabe (Uni Graz) | 1994 - 1995 Psychologie - keine Angabe (Uni Graz) | 1995 - 2003 Medizin - keine Angabe (Uni Wien) | 2004 - Medizin - keine Angabe (Uni Wien) | AT17: Freie Berufe - Arzt - Praktischer Arzt (Allgemeinmed.)-Selbständiger- | AU17: Lo 50-Semester Jubelband (07.10.2017) | AV17: Merc:Schriftführer (SS 2002) | AX17: Lo v. Merlin (UP:9.10.1990), Alb v. Merlin (BP:27.6.1992), Merc v. Merlin (BP:8.1.2002)
A18: 11100766 | B18: 766 | C18: Herrn | D18: HR KADir. i.R. | E18: Mag. Mag. Dr. | G18: Rudolf | K18: Dörflinger | O18: Prost | P18: 10.07.1953: Ehe mit Evelin, | 10.07.1953: Co-Organisator des BbG-Treffens in St. Georgen am Längsee / Kärnten mit Bernhard Wenger v/o Faun am 16./17.10.2004 | | Q18: Gerhard Lammer v. Taurus | R18: BbG | S18: UP | T18: 16.10.1975 | V18: Jun. 1976 | W18: 14.12.1979 | Y18: Mitgliedschaft ist aufrecht | Z18: 10.07.1953 | AA18: St. Veit a.d. Glan | AE18: postalisch | AF18: postalisch | AG18: Privatadresse | AH18: Thalsdorf 39 | AI18: 9314 | AJ18: Launsdorf | AM18: ÖSTERREICH | AN18: K | AO18: +43 676 89903000 | AQ18: Telefon privat:+43 4213 3038 Fax privat:+43 4213 3038 Telefon privat:+43 4265 8390 Telefon dienstlich:+43 463 5870-419 Telefon dienstlich:+43 463 5870-423 Fax dienstlich:+43 463 5870-420 | AR18: rudolf@r-doerflinger.at | AS18: 1972 - 1979 Germanistik (Uni Graz) | 1979 - 1986 Rechtswissenschaften - keine Angabe (Uni Graz) | AT18: Körperschaften/Verbände - Gesetzl. Berufsvertretungen (Kammern)-Angestellter - Mitgl. d. Vorst., Geschäftsl. oder Direktion- | Körperschaften/Verbände - Katholische Kirche - Diözese Gurk-Klagenfurt-(Ehrenamt.) Funktionär - Pfarrgemeinderat - Seelsorge-Ersatz-Pfarrgemeinderat in der Pfarre St. Georgen am Längsee | AU18: BbG 50-Semester Jubelband (01.06.2002) | BbG 75-Semester Jubelband (01.06.2013) | AV18: Alb:Fuchsmajor (Von 01. Mrz. 1979 bis 29. Jun. 1979) | GCV:OV-Präsident (Von 01. Jul. 1979 bis 30. Jun. 1980) | AX18: BbG v. Prost (UP:16.10.1975), Alb v. Prost (EP:13.10.1981), Ca v. Prost (EP:14.12.2002) | AY18: GOA v. Orpheus (UP:_._.1969), GLK v. Orpheus (BP:_._.1996) | BA18: GOA v. Orpheus (UP:_._.1969), GLK v. Orpheus (BP:_._.1996)
A19: 10500004 | C19: Herrn | D19: Abt.Ltr. | E19: Dr. | G19: Rudolf Christian | H19: Schnutz | K19: Dürr | O19: Magellan | R19: Alb | S19: UP | T19: 04.05.1984 | V19: 21.06.1985 | W19: 24.10.1992 | Y19: Mitgliedschaft ist aufrecht | Z19: 23.01.1964 | AA19: Bruck a.d. Mur | AE19: postalisch | AF19: postalisch | AG19: Privatadresse | AH19: 7 Rue Koenigsmann | AI19: 67000 | AJ19: Strasbourg | AM19: FRANKREICH | AO19: +33 6 61148062 | AQ19: Telefon privat:+33 388 310043 Telefon dienstlich:+33 388 413908 | AR19: schnutz.durr@gmail.com | AS19: 0 - 0 Doktoratsstudium der Rechtswissenschaften - keine Angabe (Uni Wien) | 1982 - Rechtswissenschaften - keine Angabe (Uni Graz) | AT19: Körperschaften/Verbände - Internationale Organisation - Europarat-Beamter - Abteilungsleiter - Verfassung-Head of Constitutional Justice Division, Venice Commission, Council of Europe | AX19: Alb v. Magellan (UP:4.5.1984), Nc v. Magellan (BP:)
A20: 10500289 | C20: Herrn | D20: Bgm. a.D. | G20: Michael Franz | K20: Eibl | O20: Betöng | Q20: Gebhard Brandweiner v. SichaNet | R20: Alb | S20: BU | T20: 28.10.2017 | U20: 09.03.2018 | V20: 27.10.2018 | Y20: Mitgliedschaft ist aufrecht | Z20: 18.03.1997 | AA20: Kirchdorf an der Krems | AE20: elektronisch | AF20: postalisch | AG20: Privatadresse | AH20: Krenngasse 7 | AI20: 8010 | AJ20: Graz | AM20: ÖSTERREICH | AN20: STMK | AO20: +43 664 1754025 | AR20: m.f.eibl@gmx.at | AS20: 2017 - Physik - keine Angabe (TU Graz) | AT20: Politischer Bereich - Gemeinderat, Stadtsenat o. dgl. - Oberösterreich-(Ehrenamt.) Funktionär-Bürgermeister von Windischgarsten a.D. | AV20: Alb:Kassier (SS 2019) | Alb:Senior (WS 2019/20) | GCV:OV-Präsident (Von 01. Jul. 2024 bis 24. Jan. 2025) | Alb:Fuchsmajor (SS 2026) | AW20: Alb:Fuchsmajor (SS 2026) | AX20: Alb v. Betöng (BU:28.10.2017) | AY20: OPK v. Warschus (BU:25.3.2016), ASG v. Warschus (BI:16.9.2017), GTS v. Warschus (BI:28.12.2024) | BA20: OPK v. Warschus (BU:25.3.2016), ASG v. Warschus (BI:16.9.2017), GTS v. Warschus (BI:28.12.2024)
A21: 10401117 | C21: Herrn | D21: HR | E21: Dipl.-Ing. | G21: Walter | K21: Erber | O21: Woidl | P21: 13.01.1950: GB 3008 | | Q21: Herbert Kain v. Abel | R21: AIn | S21: UP | T21: 23.01.1973 | V21: 15.01.1974 | W21: 10.01.1981 | Y21: Mitgliedschaft ist aufrecht | Z21: 13.01.1950 | AA21: Bad Ischl | AE21: postalisch | AF21: postalisch | AG21: Privatadresse | AH21: Steinfeldstraße 2A | AI21: 4820 | AJ21: Bad Ischl | AM21: ÖSTERREICH | AN21: OÖ | AO21: +43 650 66 20 837 | AR21: erber111@gmail.com | AS21: 1974 - 1980 Vermessungswesen (TU Graz) | AT21: Öffentliche Wirtschaft-Beamter - Amtsleiter - Verwaltung-Leiter des Vermessungsamtes Salzburg in Ruhe | AX21: AIn v. Woidl (UP:23.1.1973), Alb v. Woidl (BP:25.11.1975) | AY21: WDI v. Woidl (UP:_._.1966) | BA21: WDI v. Woidl (UP:_._.1966)
A22: 11800199 | C22: Herrn | E22: Mag. Dr. | G22: Albrecht | K22: Erlacher | O22: Latte | P22: 31.01.1954: Ehe (+ 2007), Kinder: 2 Töchter, 2. Ehe 26.09.09 mit Mag. Edith Erlacher-Zeitlinger ; | 31.01.1954: Leibbursch: Golser v. Mozart | | R22: GlL | S22: UP | T22: 17.10.1972 | U22: 12.12.1972 | V22: 28.10.1973 | W22: 30.03.1981 | Y22: Mitgliedschaft ist aufrecht | Z22: 31.01.1954 | AA22: Raffelsdorf 1 | AE22: postalisch | AF22: postalisch | AG22: Privatadresse | AH22: Etruskerweg 26 | AI22: 9073 | AJ22: Klagenfurt | AM22: ÖSTERREICH | AN22: K | AO22: +43 664 1421387 | AR22: albrecht.erlacher1@gmail.com | AS22: 1972 - 1975 Kunststofftechnik - keine Angabe (Leoben, Montan Uni) | 1975 - 1981 Rechtswissenschaften - keine Angabe (Uni Graz) | AT22: --Koordinator Reininghaus | Öffentliche Wirtschaft - Kommunale Versorgung-außer Dienst - Projektleiter - Bauwesen-Reininghaus-Koordinator Stadt Graz | AU22: GlL 75-Semester Jubelband (08.05.2010) | GlL 100-Semester Jubelband (14.05.2022) | AV22: GlL:Schriftführer (WS 1974/75) | AX22: GlL v. Latte (UP:17.10.1972), Alb v. Lotte (BP:_._.1980), BbG v. Latte (BP:29.6.1978)
A23: 10500101 | C23: Herrn | D23: Prof. OStR. | E23: Dipl.-Ing. | G23: Felix | K23: Feldbacher | O23: Dr. cer. Tangens | R23: Alb | S23: UP | T23: 29.05.1961 | V23: 07.02.1962 | W23: 18.10.1966 | Y23: Mitgliedschaft ist aufrecht | Z23: 21.11.1940 | AE23: postalisch | AF23: postalisch | AG23: Privatadresse | AH23: Carnerigasse 9 | AI23: 8010 | AJ23: Graz | AM23: ÖSTERREICH | AN23: STMK | AQ23: Telefon privat:+43 316 672689 | AR23: felix.feldbacher@gmx.at | AT23: Öffentlicher Dienst - Schulen - Berufsbild. (mittlere u.) höhere Schulen-Pensionist/im Ruhestand - Lehrer/Prof. (Uni. und/oder Schule)-HTBLA-Graz (Ortweinschule) | Freie Berufe - Zivilingenieur-Pensionist/im Ruhestand-Ing. Konsulent f. Vermessungswesen | AU23: Alb Dr. cerevisiae (27.10.2011) | AX23: Alb v. Dr. cer. Tangens (UP:29.5.1961)
A24: 10500275 | C24: Herrn | E24: Dipl.-Ing. | G24: Gabriel | K24: Ferdigg | O24: Scusi | Q24: Lukas Pöcheim v. Knedl | R24: Alb | S24: BU | T24: 06.03.2015 | U24: 21.11.2015 | V24: 29.04.2016 | Y24: Mitgliedschaft ist aufrecht | Z24: 14.12.1992 | AA24: Bruneck | AE24: elektronisch | AF24: postalisch | AG24: Privatadresse | AH24: Neuholdaugasse 36/6 | AI24: 8010 | AJ24: Graz | AM24: ÖSTERREICH | AN24: STMK | AO24: +43 677 62579506 | AR24: gabso92@yahoo.de | AS24: - 2025 Technische Chemie (TU Graz) | 2014 - Umwelt- und Systemwissenschaften - Umwelt- und Systemwissenschaften (Uni Graz) | AV24: Alb:Kassier (SS 2016) | Alb:Kassier (WS 2016/17) | Alb:Kassier (WS 2017/18) | Alb:Fuchsmajor (WS 2018/19) | GCV:OV-Vizepräsident (Von 01. Jul. 2019 bis 30. Jun. 2020) | Alb:Kassier (SS 2026) | AW24: Alb:Kassier (SS 2026) | AX24: Alb v. Scusi (BU:6.3.2015)
A25: 10500037 | C25: Herrn | E25: Dipl.-Ing. Dr. | G25: Martin | K25: Fimberger | N25: B.Sc. | O25: Freibier | Q25: Ronald Weiss v. Ikarus | R25: Alb | S25: UP | T25: 04.12.1991 | U25: Mai 1992 | V25: 14.10.1992 | W25: 28.06.2011 | Y25: Mitgliedschaft ist aufrecht | Z25: 09.04.1973 | AE25: beides | AF25: postalisch | AG25: Privatadresse | AH25: Gmeinstrasse 12d | AI25: 8055 | AJ25: Graz | AM25: ÖSTERREICH | AN25: STMK | AO25: +43 664 4308237 | AQ25: --- falsch ---:+43 664 4308237 | AR25: freibier@albertina-graz.at | AS25: 1991 - Technische Chemie - keine Angabe (TU Graz) | 2012 - 2015 Doktorratsstudium der Technik - Chemie (TU Graz) | AT25: Privatwirtschaft - Industrie - Chemie, Kunststoffe und Pharma-Angestellter - Wissenschaftlicher Mitarbeiter - Forschung, Entwicklung & Wissenschaft-Researcher - Polymerchemie | Privatwirtschaft - Industrie - Elektro, Elektronik und IT-Angestellter - Gruppenleiter - Prozessmanagement-Manager Metrology Engineering | AU25: Alb Dank-Band | Alb 50-Semester Jubelband (29.10.2016) | AV25: Alb:Kassier (WS 1992/93) | Alb:Senior (WS 1993/94) | Alb:Senior (WS 1996/97) | Alb:Fuchsmajor (WS 1997/98) | Alb:Consenior (SS 2002) | Alb:Schriftführer (WS 2002/03) | Alb:Philisterschriftführer (Von 24. Okt. 2015 bis 04. Nov. 2025) | Alb:Philisterschriftführer (Ab 05. Nov. 2025) | AW25: Alb:Philisterschriftführer (Ab 05. Nov. 2025) | AX25: Alb v. Freibier (UP:4.12.1991), BbG v. Freibier (BP:28.6.1996) | AY25: ASG v. Freibier (EP:_.5.2002) | BA25: ASG v. Freibier (EP:_.5.2002)
A26: 11100985 | B26: 985 | C26: Hochwürdiger Herr | D26: Pfr. P. | E26: Mag. | G26: Wolfgang | K26: Fischer-Felgitsch | M26: OSB | O26: Förster vom Silberwald | P26: 31.03.1971: Priesterweihe am 17.06.2006 in der Benediktinerabtei Admont | | Q26: Jürgen Fortin v. Genius | R26: BbG | S26: UP | T26: 12.10.1992 | V26: 29.03.1993 | W26: 27.06.2006 | Y26: Mitgliedschaft ist aufrecht | Z26: 31.03.1971 | AA26: Graz | AE26: postalisch | AF26: postalisch | AG26: Privatadresse | AH26: Kirchplatz 1 | AI26: 8911 | AJ26: Admont | AK26: Benediktinerabtei Admont | AM26: ÖSTERREICH | AN26: STMK | AO26: +43 660 1121312 | AQ26: Telefon privat:+43 3613 2312-223 Fax privat:+43 3613 2312-221 | AR26: wolfgang@stiftadmont.at | AS26: 1991 - 2001 Betriebswirtschaft - keine Angabe (Uni Graz) | 2000 - 2006 Fachtheologie (Katholische Theologie) - keine Angabe (Uni Salzburg) | 2002 - 2004 Fachtheologie (Katholische Theologie) - Fachtheologie (Katholische Theologie) (Uni im Ausland) | AT26: Körperschaften/Verbände - Klöster und Stifte - Ordensangehöriger-Priester-Benediktinerabtei Admont | Körperschaften/Verbände - Katholische Kirche - Diözese Graz-Seckau-Pfarrer- | AX26: BbG v. Förster vom Silberwald (UP:12.10.1992), Alb v. Förster vom Silberwald (BP:_._.1997), Lo v. Förster vom Silberwald (BP:8.11.2002) | AY26: WOL v. Förster vom Silberwald (EP:21.10.2000), MEG v. Förster vom Silberwald (EP:_._.2007) | AZ26: Cp v. Förster vom Silberwald (BP:_.10.2002), AlgA v. Förster vom Silberwald (BP:5.11.1993) | BA26: WOL v. Förster vom Silberwald (EP:21.10.2000), MEG v. Förster vom Silberwald (EP:_._.2007)
A27: 10500068 | C27: Herrn | G27: Wolfgang | K27: Friedhuber | O27: Landskrona | Q27: Christian Tauschmann v. Nagelprobe | R27: Alb | S27: BU | T27: 11.10.2008 | U27: 07.12.2009 | V27: 13.03.2010 | Y27: Mitgliedschaft ist aufrecht | Z27: 26.09.1987 | AA27: Graz | AE27: elektronisch | AF27: postalisch | AG27: Privatadresse | AH27: Glacisstraße 61 | AI27: 8010 | AJ27: Graz | AM27: ÖSTERREICH | AN27: STMK | AO27: +43 664 1414012 | AR27: wolfgang.friedhuber@aon.at | AS27: 0 - 0 Mathematik - keine Angabe (TU Graz) | AX27: Alb v. Landskrona (BU:11.10.2008)
A28: 11100445 | B28: 445 | C28: Herrn | D28: Dir. i.R. Komm.R | E28: Dipl.-Ing. | G28: Karl Ernst | K28: Friedl | O28: Dr. cer. Bibi | P28: 01.12.1935: Ehe 09.09.1961 mit Gertraut, geb. Kölli, 3 Kinder: Karl (BbG Carlos) * 1962, Helga * 1964, Herbert (BbG Dschunior) * 1968 | 01.12.1935: Im Organisationsteam der ÖCV-Schimeisterschaften 1964 - 1972 und 1984 - März 2005 | 01.12.1935: 7.Mai 1954 Reception 1954/55 durch seine Initiative gekeilt (alles Schulkollegen): R.Ott v/g Bondi, G.Rauter/Strolch, H.Schuchlenz/Quax, L.Stöckler/Camillo, W.Deu/Bambi | 01.12.1935: Chargen: 1955/56 Consenior Organisation eines Tanzkurses (lernte dort seine spätere Gattin kennen!) Organisation der Babenberg Schitage (St.Ilgen), aus denen sich über die GCV- und dann die ÖCV-Schimeisterschaften (Mäcky, Bondi) entwickelten WS 1959/60 Senior Hauptarbeit: die Vorbereitung auf das 40. Stiftungsfest 1968-1973 Phil-Kassier-2 Anschaffung der neuen Bude Schießstattgasse Vater Phil-Kassier-1: Budenfinanzierung Bibi: "normaler" Verbindungsbetrieb 1991-1996 Phil.Senior (laut Bibi persönlich (2020) sind die Zahlen im Verbindungsbuch sind falsch!) 75. Jahre Babenberg! | 01.12.1935: Schitage: BbG-Schitage St.Ilgen, Leitung Bibi: 1956, 1959, 1963, 1967, 1974 GCV-Schimeisterschaften: 1959, 1962, 1963, 1966, 1967, 1968, 1969, Org-Team: Mäcky, Bondi, Bibi ÖCV-Schimeisterschaften: 49 mal verteilt über Österreich, Leitung Mäcky, dann Bondi, zum Schluss Bobu Bibi im Org-Team: 1964 - 1973 (danach 15 Jahre nicht = Gemeinderat Graz) ab 1987 wieder im Org-Team | 01.12.1935: Jubelbänder: BbG.: 1979 50 Sem. / 1991 75 Sem. / 2004 100 Sem. / 2016 125 Semester-Jubelband Alb.: 2001 50 Sem. | 01.12.1935: Ehrungen: xx.xx.1982 Gold. EZ Steirischer Wirtschaftsbund 21.01.1983 Sport-EZ der Landeshauptstadt Graz 21.11.1994 Landes-Sport EZ Steiermark 07.11.1995 Gold. EZ der österr. Sportunion 19.11.1998 Verleihung des Titels Kommerzialrat 21.05.2015 Goldenes Diplom der Technischen Universität Graz (gemeins mit Bbr. Haberfellner/Schluck und Bbr. Wronski/Würstl) 06.11.2019 Verleihung des Großen Ehrenzeichen des Landes Steiermark (Silberner EZ -> Goldenes EZ -> Großes EZ) | 01.12.1935: 7.Mai 1954 Rezeption (Vor der Matura!, endlich wieder junge Fuxen in die Verbindung zu bringen (über mein Betreiben wurden 1954/55 recipiert:: R.Ott v/g Bondi, G.Rauter/Strolch, H.Schuchlenz/Quax, L.Stöckler/Camillo, W.Deu/Bambi, alles Schulkollegen). WS 1955/56 Consenier, Es gab wieder gut besuchte Veranstaltungen, Tanzkurs, (dort lernte ich meine spätere Gattin kennen) und die Babenberg Schitage (St.Ilgen) aus denen sich über die GCV- und dann die ÖCV-Schimeisterschaften(Mäcky, Bondi) entwickelten, sind hervorzuheben. BbG-Schitage St.Ilgen, Leitung Bibi: 1956, 1959, 1963, 1967, 1974; GCV-Schimeisterschaften: 1959, 1962, 1963, 1966, 1967, 1968, 1969, Mäcky, Bondi, Bibi im Org-Team ÖCV-Schimeisterschaften: 49 mal verteilt über Österreich,Leitung Mäcky, dann Bondi, zum Schluss Bobu, Bibi im Org-Team: 1964 - 1973 (danach 15 Jahre nicht = Gemeinderat Graz) ab 1987 wieder im Org.Team. WS 1959/60 Senior; Hauptarbeit: die Vorbereitung auf das 40. Stiftungsfest. 1968-1973 Phil-Kassier-2, in diese Zeit fiel die Anschaffung der Neuen Bude Schießstattgasse, wobei mein Vater die Budenfinanzierung übernahm und ich den "normalen" Verbindungsbetrieb zu betreuen hatte. 27.10.1976 wurde mir, anlässlich des 15. Stiftungsfestes, das Band e.v. KÖAV Albertina verliehen. 10.10.1981 wurde mir die Ehrenmitgliedschaft einer e.v. Laurinia zu Graz im MKV übertragen. 1991-1996 Phil.Senior (die Zahlen im Verbindungsbuch sind leider falsch) In diese Zeit fiel unser Jubiläum 75. Jahre Babenberg-Graz, dieses prägte das ganze Sommersemester.. 20.3.1998 wurde mir, gemeinsam mit Bbr. Bondi und Bbr. Struppi die höchste Auszeichnung der Verbindung, der Titel Dr.cer. verliehen. Jubelbänder: BbG.: 1979 50 Sem. / 1991 75 Sem / 2004 100Sem. / 2016 125 Semester-Jubelband Alb.: 2001 50 Sem. Ehrungen: 1982 Gold. EZ Steirischer Wirtschaftsbund 21.01.1983 Sport-EZ der Landeshauptstadt Graz 21.11.1994 Landes-Sport EZ Steiermark 07.11.1995 Gold. EZ der österr. Sportunion 19.11.1998 Verleihung des Titels Kommerzialrat 21.05.2015 Goldenes Diplom der Technischen Universität Graz, gemeins mit Bbr Hberfellner/Schluck und Bbr. Wronski/ Würstl 06.11.2019 Verleihung des Großen Ehrenzeichen des Landes Steiermark (Silb.EZ; -> Gld, EZ -> Großes EZ --> ) | | Q28: Georg Günther Schäffer (†) v. Kadi | R28: BbG | S28: UP | T28: 07.05.1954 | V28: 25.05.1955 | W28: Nov. 1965 | Y28: Mitgliedschaft ist aufrecht | Z28: 01.12.1935 | AA28: Graz | AE28: postalisch | AF28: postalisch | AG28: Privatadresse | AH28: Wetzelsdorfer Straße 151 | AI28: 8052 | AJ28: Graz | AM28: ÖSTERREICH | AN28: STMK | AO28: +43 664 2220602 | AQ28: Telefon privat:+43 316 572813 Fax privat:+43 316 572813 | AR28: ke.friedl@gmx.at | AS28: 1954 - Wirtschaftsingenieurwesen - Bauwesen - keine Angabe (TU Graz) | AT28: Öffentliche Wirtschaft - Energieversorgung-Pensionist/im Ruhestand - Mitgl. d. Vorst., Geschäftsl. oder Direktion- | AU28: BbG Dr. cerevisiae (20.03.1998) | Alb 50-Semester Jubelband (27.10.2001) | BbG 100-Semester Jubelband (12.06.2004) | BbG 125-Semester Jubelband (28.05.2016) | Alb 100-Semester Jubelband (14.03.2020) | AV28: BbG:Consenior (Von 15. Sep. 1955 bis 15. Feb. 1956) | BbG:Senior (Von 15. Sep. 1959 bis 15. Feb. 1960) | BbG:Philisterkassier (Von 01. Jan. 1968 bis 31. Dez. 1973) | BbG:Philistersenior (Von 01. Jan. 1991 bis 31. Dez. 1996) | AX28: BbG v. Dr. cer. Bibi (UP:7.5.1954), Alb v. Bibi (EP:27.10.1976) | AY28: LRG v. Bibi (EP:10.10.1981) | BA28: LRG v. Bibi (EP:10.10.1981)
A29: 10500278 | C29: Herrn | G29: Jochen | K29: Friedrich | O29: Geschwisterliebe | Q29: Johannes Zeiringer v. Hephaistos | R29: Alb | S29: BU | T29: 29.01.2016 | U29: 02.12.2016 | V29: 03.02.2017 | Y29: Mitgliedschaft ist aufrecht | Z29: 03.12.1995 | AA29: Mödling | AE29: elektronisch | AF29: postalisch | AG29: Privatadresse | AH29: Wallerweg 1 | AI29: 9201 | AJ29: Krumpendorf | AM29: ÖSTERREICH | AN29: K | AO29: +43 680 1152956 | AR29: jochen.danielfr@gmail.com | AS29: 2015 - Philosophie, Pädagogik und Psychologie (Lehramt) (Uni Graz) | 2015 - Geschichte Studienzweig: Geschichte und Sozialkunde (Lehramt) (Uni Graz) | AV29: Alb:Barwart (WS 2016/17) | Alb:Consenior (SS 2017) | AX29: Alb v. Geschwisterliebe (BU:29.1.2016) | AY29: GLK v. Straganz (BU:26.4.2013) | BA29: GLK v. Straganz (BU:26.4.2013)
A30: 10500288 | C30: Herrn | G30: Lukas | K30: Frießnegger | O30: Helmi | Q30: Oliver Korak v. Hodor | R30: Alb | S30: BU | T30: 29.10.2017 | U30: 01.02.2019 | V30: 07.03.2020 | Y30: Mitgliedschaft ist aufrecht | Z30: 10.02.1997 | AA30: Klagenfurt | AE30: elektronisch | AF30: postalisch | AG30: Privatadresse | AH30: Plüddemanngasse 56 | AI30: 8010 | AJ30: Graz | AM30: ÖSTERREICH | AN30: STMK | AO30: +43 676 83555825 | AR30: lukas.friessnegger@gmx.at | AS30: 2018 - Telematik - keine Angabe (TU Graz) | AV30: Alb:Barwart (SS 2019) | Alb:Fuchsmajor (WS 2021/22) | Alb:Senior (SS 2022) | Alb:Standesführer ÖCV.Net (Ab 22. Jun. 2023) | Alb:IT-Beauftragter (Ab 01. Jul. 2023) | Alb:Senior (SS 2024) | GCV:OV-Präsident (Von 24. Jan. 2025 bis 30. Jun. 2025) | Alb:Consenior 1 (WS 2025/26) | Alb:Senior (SS 2026) | AW30: Alb:Standesführer ÖCV.Net (Ab 22. Jun. 2023) | Alb:IT-Beauftragter (Ab 01. Jul. 2023) | Alb:Senior (SS 2026) | AX30: Alb v. Helmi (BU:29.10.2017) | AY30: BBK v. Helmi (UP:), MEG v. Helmi (BP:), PLP v. Helmi (BP:) | BA30: BBK v. Helmi (UP:), MEG v. Helmi (BP:), PLP v. Helmi (BP:)
A31: 10500103 | C31: Herrn | D31: Prof. | E31: Dipl.-Ing. | G31: Erhard | K31: Glauninger | O31: Pollux | R31: Alb | S31: UP | T31: 26.06.1961 | V31: 07.06.1962 | Y31: Mitgliedschaft ist aufrecht | Z31: 07.10.1938 | AE31: postalisch | AF31: postalisch | AG31: Privatadresse | AH31: Leitnerberg 9 | AI31: 4490 | AJ31: St. Florian | AM31: ÖSTERREICH | AN31: OÖ | AO31: +43 664 3843505 | AQ31: Telefon privat:+43 7224 8032 | AR31: eg_@gmx.at | AT31: Öffentlicher Dienst - Schulen - Allgemeinbildende höhere Schulen-Pensionist/im Ruhestand - Lehrer/Prof. (Uni. und/oder Schule)- | AX31: Alb v. Pollux (UP:26.6.1961)
A32: 10500277 | C32: Herrn | G32: Fabian | K32: Gollmann | O32: Promilltheus | Q32: Peter Hinteregger-Frießnegger v. Remus | R32: Alb | S32: BU | T32: 24.10.2015 | U32: 02.12.2016 | V32: 03.02.2017 | Y32: Mitgliedschaft ist aufrecht | Z32: 13.08.1995 | AA32: Klagenfurt | AE32: elektronisch | AF32: postalisch | AG32: Studienadresse | AH32: Plüddemanngasse 56/6 | AI32: 8010 | AJ32: Graz | AM32: ÖSTERREICH | AN32: STMK | AO32: +43 664 8780779 | AR32: gollmann@gmx.net | AS32: 2015 - Elektrotechnik (TU Graz) | AV32: Alb:Consenior 1 (WS 2017/18) | Alb:Consenior (SS 2018) | AX32: Alb v. Promilltheus (BU:24.10.2015) | AY32: BBK v. Prometheus (BU:1.1.2011) | BA32: BBK v. Prometheus (BU:1.1.2011)
A33: 10500070 | C33: Herrn | E33: Ing. Dipl.-Wirtschaftsing. (FH) | G33: Christian | K33: Gorsche | O33: Loki II | Q33: Christian Tauschmann v. Nagelprobe | R33: Alb | S33: UP | T33: 03.10.2008 | U33: 15.05.2009 | V33: 26.06.2009 | W33: 17.10.2020 | Y33: Mitgliedschaft ist aufrecht | Z33: 24.02.1980 | AA33: Graz | AE33: postalisch | AF33: postalisch | AG33: Privatadresse | AH33: Markt 181/2 | AI33: 8323 | AJ33: Sankt Marein bei Graz-Markt | AM33: ÖSTERREICH | AN33: STMK | AO33: +43 660 8139393 | AR33: christian.gorsche@gmail.com | AS33: 0 - 0 Politikwissenschaft - Politikwissenschaft (Uni im Ausland) | AV33: Alb:Consenior (WS 2009/10) | AX33: Alb v. Loki II (UP:3.10.2008) | AY33: ASG v. Loki (UP:22.3.2013) | BA33: ASG v. Loki (UP:22.3.2013)
A34: 10500286 | C34: Herrn | E34: Dipl.-Ing. | G34: Maximilian | K34: Grillitsch | N34: BSc | O34: Baking Bread | Q34: Jakob Rautz v. Wikipedia | R34: Alb | S34: UP | T34: 29.04.2017 | U34: 15.12.2017 | V34: 04.05.2018 | W34: 26.10.2024 | Y34: Mitgliedschaft ist aufrecht | Z34: 30.10.1996 | AA34: Wolfsberg | AE34: elektronisch | AF34: postalisch | AG34: Privatadresse | AH34: Strauchergasse 13/20 | AI34: 8020 | AJ34: Graz | AM34: ÖSTERREICH | AN34: STMK | AO34: +43 699 15095646 | AR34: maximilian.g@outlook.com | AS34: 2016 - 2020 Physik - keine Angabe (TU Graz) | 2020 - 2023 Materialwissenschaft (TU Graz) | AV34: Alb:Barwart (SS 2018) | Alb:Consenior (WS 2018/19) | Alb:Consenior (WS 2019/20) | Alb:Consenior 1 (WS 2021/22) | Alb:Kassier (SS 2022) | Alb:Senior (WS 2022/23) | Alb:Schriftführer (WS 2025/26) | Alb:Schriftführer (SS 2026) | AW34: Alb:Schriftführer (SS 2026) | AX34: Alb v. Baking Bread (UP:29.4.2017)
A35: 10500282 | C35: Herrn | G35: Christian | K35: Groß-Edelsbrunner | O35: Stölzn | Q35: Oliver Korak v. Hodor | R35: Alb | S35: UP | T35: 30.09.2016 | U35: 03.02.2017 | V35: 04.05.2018 | W35: 06.12.2025 | Y35: Mitgliedschaft ist aufrecht | Z35: 11.04.1997 | AA35: Wolfsberg | AE35: elektronisch | AF35: postalisch | AG35: Privatadresse | AH35: Jakob-Redtenbacher-Gasse 28/3 | AI35: 8010 | AJ35: Graz | AM35: ÖSTERREICH | AN35: STMK | AO35: +43 660 2645460 | AR35: grosz.c.b@gmail.com | AS35: 2016 - Mathematik (TU Graz) | 2020 - Psychologie (Uni Graz) | AV35: Alb:Senior (WS 2018/19) | Alb:Fuchsmajor (SS 2019) | Alb:IT-Beauftragter (Von 01. Jul. 2023 bis 29. Sep. 2025) | AX35: Alb v. Stölzn (UP:30.9.2016) | AY35: PLP v. Klein (UP:23.6.2012) | BA35: PLP v. Klein (UP:23.6.2012)
A36: 10500095 | C36: Herrn | G36: Gabriel | K36: Gruber | O36: Falco | Q36: Michael Maier v. Limbo | R36: Alb | S36: UP | T36: 03.06.2011 | U36: 28.01.2012 | V36: 11.05.2012 | W36: 29.01.2025 | Y36: Mitgliedschaft ist aufrecht | Z36: 14.11.1986 | AA36: Wels | AE36: elektronisch | AF36: postalisch | AG36: Privatadresse | AH36: Stockheimweg 11 | AI36: 8164 | AJ36: Gutenberg | AM36: ÖSTERREICH | AN36: STMK | AO36: +43 650 6016064 | AR36: gabriel.gruber@icloud.com | AS36: - Softwareentwicklung - Wirtschaft - Softwareentwicklung - Wirtschaft (TU Graz) | AV36: Alb:Chefredakteur (Von 01. Mrz. 2012 bis 01. Jul. 2013) | Alb:Consenior 1 (WS 2012/13) | Alb:Consenior (SS 2013) | AX36: Alb v. Falco (UP:3.6.2011)
A37: 10500104 | C37: Herrn | E37: DDipl.-Ing. | G37: Horst | K37: Gruber | O37: Dr. cer. Kastor | R37: Alb | S37: UP | T37: 26.06.1961 | V37: 07.06.1962 | Y37: Mitgliedschaft ist aufrecht | Z37: 01.01.1940 | AE37: postalisch | AF37: postalisch | AG37: Privat- & Berufsadresse | AH37: Am Schloßhang 1 | AI37: 8075 | AJ37: Hart bei Graz | AM37: ÖSTERREICH | AN37: STMK | AQ37: Telefon privat:+43 316 491401 | AR37: gruber.ho@gmail.com | AS37: 0 - 0 Wirtschaftsingenieurwesen - Maschinenbau - keine Angabe (TU Graz) | AT37: Freie Berufe - Psychotherapeut-Freiberufler - Unternehmensberatung- | Freie Berufe - Psychotherapeut-Selbständiger- | AU37: Alb Dank-Band | Alb Dr. cerevisiae (27.10.2011) | AX37: Alb v. Dr. cer. Kastor (UP:26.6.1961)
A38: 10500222 | C38: Herrn | E38: Dr. | G38: Bernhard | K38: Gutschreiter | O38: Fliege | Q38: Peter Pfaffenwimmer v. Schilcher | R38: Alb | S38: UP | T38: 10.10.1994 | V38: 1996 | W38: 26.10.2000 | Y38: Mitgliedschaft ist aufrecht | Z38: 12.06.1973 | AE38: postalisch | AF38: postalisch | AG38: Privatadresse | AH38: Weinheberstraße 6 | AI38: 4050 | AJ38: Sankt Martin | AM38: ÖSTERREICH | AN38: OÖ | AO38: +43 664 9215001 | AQ38: Telefon privat:+43 3842 22279 | AR38: gutschreiter@hotmail.com | AS38: - Medizin - keine Angabe (Uni Graz) | AT38: Körperschaften/Verbände-Angestellter - Assistenzarzt-Konventhospital der Barmherzigen Brüder Linz | AX38: Alb v. Fliege (UP:10.10.1994)
A39: 10500011 | C39: Herrn | D39: RA | E39: Mag. | G39: Maximilian | K39: Gutschreiter | O39: Hägar | R39: Alb | S39: UP | T39: 29.11.1988 | U39: 1989 | V39: 15.12.1989 | W39: 1996 | Y39: Mitgliedschaft ist aufrecht | Z39: 08.07.1968 | AE39: postalisch | AF39: postalisch | AG39: Privatadresse | AH39: Kienbergweg 12 | AI39: 8700 | AJ39: Leoben | AM39: ÖSTERREICH | AN39: STMK | AO39: +43 676 3303842 | AQ39: Telefon dienstlich:+43 3842 42100 Fax dienstlich:+43 3842 42100-10 Telefon privat:+43 3842 22235 | AR39: kanzlei@ra-gutschreiter.at | AS39: 1988 - Rechtswissenschaften - keine Angabe (Uni Graz) | AT39: Freie Berufe - Rechtsanwalt-Angestellter- | AV39: Alb:Vorsitzender des Verbindungsgerichtes (Bis 01. Okt. 2017) | AX39: Alb v. Hägar (UP:29.11.1988) | AY39: LUL v. Hägar (UP:_._.1985) | BA39: LUL v. Hägar (UP:_._.1985)
A40: 13900164 | C40: Herrn | D40: OR | E40: Dipl.-Ing. | G40: Friedrich | K40: Hartl | O40: Pippin | Q40: Roland Dünser v. Clochard | R40: Trn | S40: UP | T40: 13.12.1969 | U40: 05.12.1970 | V40: 06.02.1971 | W40: 10.06.1977 | Y40: Mitgliedschaft ist aufrecht | Z40: 05.11.1948 | AE40: postalisch | AF40: postalisch | AG40: Privatadresse | AH40: Moosstraße 107 C | AI40: 5020 | AJ40: Salzburg | AM40: ÖSTERREICH | AN40: S | AQ40: Telefon privat:+43 662 828248 | AS40: 1969 - keine Angabe - keine Angabe (TU Graz) | AT40: Öffentlicher Dienst - Bundesverwaltung - BM für Soziales, Gesundheit und Pflege-Pensionist/im Ruhestand-Arbeitsinspektorat Salzburg | AX40: Trn v. Pippin (UP:13.12.1969), Alb v. Pippin (BP:_._.1973)
A41: 10500106 | C41: Herrn | D41: Med.R | E41: Dr. | G41: Franz | K41: Hasengschwandtner | O41: Rübezahl | P41: 06.12.1946: Präsident Network Global Health | www.network-globalhealth.com | 06.12.1946: ärztl. Leiter Netzwerk Lipolyse | www.netzwerk-lipolyse.de | 06.12.1946: Medizinisches Engagement in Nicaragua | 06.12.1946: Costa Rica | Klinikprojekt und Projekt Regenwalt der Österreicher | 06.12.1946: Reiseclub "Papa Doc" | 06.12.1946: Rheuma Selbsthilfegruppen | | R41: Alb | S41: UP | T41: 11.11.1964 | V41: 22.11.1965 | Y41: Mitgliedschaft ist aufrecht | Z41: 06.12.1946 | AE41: postalisch | AF41: postalisch | AG41: Privatadresse | AH41: Köckendorf 76 | AI41: 4184 | AJ41: Köckendorf | AM41: ÖSTERREICH | AN41: OÖ | AO41: +43 664 73517814 | AR41: franzhasengschwandtner@gmail.com | AS41: 1964 - Medizin - keine Angabe (Uni Graz) | AT41: Freie Berufe - Arzt - Praktischer Arzt (Allgemeinmed.)-Selbständiger - Freiberufler - Bereichsleitung- | AV41: GCV:OV-Präsident (Von 01. Jul. 1968 bis 30. Jun. 1969) | AX41: Alb v. Rübezahl (UP:11.11.1964) | AY41: FRV v. Rübezahl (UP:_._.1960) | BA41: FRV v. Rübezahl (UP:_._.1960)
A42: 10500246 | C42: Herrn | E42: Mag. | G42: Gerhard | K42: Heidinger | O42: Fred Combuse | R42: Alb | S42: UP | T42: 06.03.2000 | V42: 2001 | W42: 2004 | Y42: Mitgliedschaft ist aufrecht | Z42: 23.08.1977 | AE42: postalisch | AF42: postalisch | AG42: Privatadresse | AH42: Schmiedgasse 34 | AI42: 8010 | AJ42: Graz | AM42: ÖSTERREICH | AN42: STMK | AO42: +43 664 2759977 | AR42: gerhard.heidinger@e-steiermark.com | AS42: 0 - 0 Betriebswirtschaft - keine Angabe (Uni Graz) | AT42: Öffentliche Wirtschaft - Energieversorgung - Energie Steiermark-Angestellter- | AV42: Alb:Kassier (SS 2003) | Alb:Philisterconsenior 3 (Ab 05. Nov. 2025) | AW42: Alb:Philisterconsenior 3 (Ab 05. Nov. 2025) | AX42: Alb v. Fred Combuse (UP:6.3.2000)
A43: 10500094 | C43: Herrn | G43: Peter | H43: Alfred | K43: Hinteregger-Frießnegger | O43: Remus | Q43: Johannes Lammer v. Minos | R43: Alb | S43: UP | T43: 17.12.2010 | U43: 07.10.2011 | V43: 03.03.2012 | W43: 29.01.2025 | Y43: Mitgliedschaft ist aufrecht | Z43: 30.01.1990 | AA43: Klagenfurt | AE43: elektronisch | AF43: postalisch | AG43: Privatadresse | AH43: Brückenweg 7 | AI43: 9063 | AJ43: Kading | AM43: ÖSTERREICH | AN43: K | AO43: +43 650 3019033 | AR43: Peter.Friessnegger@gmx.at | AS43: 0 - 0 Telematik - keine Angabe (TU Graz) | AV43: Alb:Fuchsmajor (WS 2013/14) | Alb:Fuchsmajor (WS 2015/16) | AX43: Alb v. Remus (UP:17.12.2010) | AY43: BBK v. Remus (BU:29.2.2008) | BA43: BBK v. Remus (BU:29.2.2008)
A44: 10500139 | C44: Herrn | E44: Dipl.-Ing. | G44: Gerhard | K44: Hirm | O44: Fips | Q44: Gerhard Jägerhuber (†) v. Jerry | R44: Alb | S44: UP | T44: 07.12.1972 | V44: 23.10.1973 | W44: 12.12.1980 | Y44: Mitgliedschaft ist aufrecht | Z44: 24.08.1952 | AE44: postalisch | AF44: postalisch | AG44: Privatadresse | AH44: Schwabegg 14 | AI44: 9155 | AJ44: Neuhaus | AM44: ÖSTERREICH | AN44: K | AO44: +43 664 2138484 | AQ44: Telefon dienstlich:+43 463 503220 Fax dienstlich:+43 463 503220-9 | AR44: gerhard@hirm.com | AS44: - Wirtschaftsingenieurwesen - Bauwesen - keine Angabe (TU Graz) | AT44: Freie Berufe - Ziviltechniker - Bauwesen-Selbständiger - Freiberufler- | AU44: Ca Dr. cerevisiae (03.06.2022) | AV44: AHLB K:AHLB-Vorsitzender (Bis 23. Nov. 2005) | AHLB K:AHLB-Vorsitzender (Von 01. Dez. 2011 bis 21. Nov. 2013) | AHLB K:AHLB-Vorsitzender (Von 05. Apr. 2019 bis 21. Apr. 2022) | AX44: Alb v. Fips (UP:7.12.1972), Ca v. Dr. cer. Fips (EP:_._.1997)
A45: 10500249 | C45: Herrn | D45: Univ.-Ass. | E45: Dipl.-Ing. | G45: Thomas | H45: Stefan | K45: Hirm | O45: Sigma | Q45: Jason Prabitz v. 1/2 10 | R45: Alb | S45: UP | T45: 28.10.2000 | V45: 24.10.2001 | W45: 29.06.2006 | Y45: Mitgliedschaft ist aufrecht | Z45: 14.02.1979 | AE45: postalisch | AF45: postalisch | AG45: Privatadresse | AH45: Rudolf-Lissy-Gasse 8/2 | AI45: 2380 | AJ45: Perchtoldsdorf | AM45: ÖSTERREICH | AN45: NÖ | AO45: +43 664 8249005 | AR45: thomas.hirm@thhi.at | AS45: - 2005 Wirtschaftsingenieurwesen - Bauwesen - keine Angabe (TU Graz) | - 2001 Rechtswissenschaften - keine Angabe (Uni Graz) | - 2016 Doktorratsstudium der Technik - Bauingenieurwesen Studienzweig: Baubetrieb und Bauwirtschaft (TU Wien) | AT45: Öffentlicher Dienst - Universitäten und Hochschulen - Universität für Bodenkultur Wien-Angestellter - Lektor - Bildung-Bauwirtschaft, Bauprojektmanagement, Lean Management | Privatwirtschaft - Dienstleistung - Consulting-Selbständiger - Geschäftsführer - Consulting-Bauherrenberatung, Bauprojektmanagement, Gutachter für bauwirtschaftliche Fragen | AV45: Alb:Senior (SS 2004) | Alb:Schriftführer (SS 2005) | Marinezirkel:Zirkel-Schriftführer (Ab 25. Mrz. 2011) | Alb Zirkel Wien:Zirkel-Vorsitzender (Von 01. Jan. 2012 bis 07. Nov. 2018) | AW45: Marinezirkel:Zirkel-Schriftführer (Ab 25. Mrz. 2011) | AX45: Alb v. Sigma (UP:28.10.2000)
A46: 10500008 | C46: Herrn | G46: Johannes | K46: Hofbauer | O46: Sheriff | Q46: Christoph Resch v. Electrix | R46: Alb | S46: UP | T46: 24.06.1987 | U46: Jan. 1988 | V46: 29.10.1988 | W46: Okt. 1999 | Y46: Mitgliedschaft ist aufrecht | Z46: 15.11.1966 | AA46: Judenburg | AE46: postalisch | AF46: postalisch | AG46: Privatadresse | AH46: Hauptstraße 52 | AI46: 7540 | AJ46: Güssing | AM46: ÖSTERREICH | AN46: B | AO46: +43 664 1957158 | AQ46: Telefon privat:+43 3322 42762 | AR46: hofbauer@bnet.at | AT46: Öffentlicher Dienst - Schulen - Volksschulen-Beamter - Lehrer/Prof. (Uni. und/oder Schule)- | AX46: Alb v. Sheriff (UP:24.6.1987) | AY46: ASG v. Sheriff (BP:), QIG v. Sheriff (BP:4.9.1993), WOL v. Sheriff (UP:30.5.1984) | BA46: ASG v. Sheriff (BP:), QIG v. Sheriff (BP:4.9.1993), WOL v. Sheriff (UP:30.5.1984)
A47: 11409502 | C47: Herrn | D47: Rektor GR | E47: Mag. | F47: P. | G47: Egon | K47: Homann | M47: OSB | O47: Kleinholz | R47: Cl | S47: UP | T47: 10.03.1995 | V47: 15.12.1995 | W47: 22.06.2002 | Y47: Mitgliedschaft ist aufrecht | Z47: 08.10.1966 | AA47: Leoben | AE47: postalisch | AF47: postalisch | AG47: Privatadresse | AH47: Johann-Fux-Gasse 16 | AI47: 8010 | AJ47: Graz | AK47: Haus der Begegnung | AM47: ÖSTERREICH | AN47: STMK | AO47: +43 664 3428705 | AQ47: Telefon privat:+43 316 325431-0 Fax privat:+43 316 325431-50 Telefon privat:+43 3613 2312-210 | AR47: p.egon@hausderbegegnung.or.at | AS47: 1985 - Rechtswissenschaften - keine Angabe (Uni Graz) | AT47: Körperschaften/Verbände - Klöster und Stifte - Ordensangehöriger-Angestellter - Priester-Benediktinerstift Admont | Körperschaften/Verbände - Katholische Kirche - Diözese Graz-Seckau-Angestellter - Priester - Bildung- | AU47: Alb Dr. cerevisiae (20.01.2012) | Alb 50-Semester Jubelband (23.10.2021) | AV47: Alb:Verbindungsseelsorger (Ab 01. Feb. 2004) | AW47: Alb:Verbindungsseelsorger (Ab 01. Feb. 2004) | AX47: Cl v. Kleinholz (UP:10.3.1995), Alb v. Dr. cer. Kleinholz (BP:25.10.1997), ErG v. Kleinholz (EP:9.9.2009) | AY47: WOL v. Kleinholz (EP:22.11.1997), LPG v. Kleinholz (EP:25.4.2003), KBF v. Kleinholz (EP:18.3.2005), SCL v. Kleinholz (EP:23.9.2006), NMG v. Kleinholz (EP:26.5.2008), ASG v. Kleinholz (EP:4.5.2013) | AZ47: Cp v. Kleinholz (BP:11.3.1999) | BA47: WOL v. Kleinholz (EP:22.11.1997), LPG v. Kleinholz (EP:25.4.2003), KBF v. Kleinholz (EP:18.3.2005), SCL v. Kleinholz (EP:23.9.2006), NMG v. Kleinholz (EP:26.5.2008), ASG v. Kleinholz (EP:4.5.2013)
A48: 11300267 | C48: Herrn | G48: Thomas | K48: Humitsch | O48: Almabtrieb | Q48: Julian Geier v. Kreisky | R48: Ca | S48: BU | T48: 28.11.2015 | U48: 02.12.2016 | V48: 29.04.2017 | Y48: Mitgliedschaft ist aufrecht | Z48: 09.05.1995 | AA48: Klagenfurt | AE48: elektronisch | AF48: elektronisch | AG48: Privatadresse | AH48: Papiermühlgasse 21/21 | AI48: 8020 | AJ48: Graz | AM48: ÖSTERREICH | AN48: STMK | AO48: +43 660 4170352 | AR48: almabtrieb@albertina-graz.at | AS48: 2015 - 2016 Technische Mathematik (Uni Klagenfurt) | 2016 - Physik (Uni Graz) | AT48: Privatwirtschaft-Angestellter - Wissenschaftlicher Mitarbeiter - Forschung, Entwicklung & Wissenschaft-Research Engineer | AV48: Ca:Barwart (SS 2016) | Alb:Barwart (SS 2017) | Alb:Schriftführer (SS 2019) | Alb:Schriftführer (WS 2019/20) | Alb:Fuchsmajor (WS 2022/23) | Alb:Senior (SS 2023) | Alb:Standesführer ÖCV.Net (Ab 22. Jun. 2023) | Alb:IT-Beauftragter (Ab 01. Jul. 2023) | Alb:Schriftführer (SS 2024) | GCV:OV-Vizepräsident 1 (Von 01. Jul. 2024 bis 30. Jun. 2025) | Alb:Consenior 2 (WS 2025/26) | AW48: Alb:Standesführer ÖCV.Net (Ab 22. Jun. 2023) | Alb:IT-Beauftragter (Ab 01. Jul. 2023) | AX48: Ca v. Almabtrieb (BU:28.11.2015), Alb v. Almabtrieb (BI:24.6.2017) | AY48: PLP v. Halskrause (UP:21.7.2012) | BA48: PLP v. Halskrause (UP:21.7.2012)
A49: 11400462 | C49: Herrn | G49: Jeremias | K49: Hutegger | N49: BSc | O49: Siegfried | Q49: Severin Praßl-Wisiak v. Noricum | R49: Cl | S49: UP | T49: 18.08.2011 | V49: 05.10.2012 | W49: 18.08.2023 | Y49: Mitgliedschaft ist aufrecht | Z49: 12.07.1990 | AA49: Wels | AE49: postalisch | AF49: postalisch | AG49: Privatadresse | AH49: Grazbachgasse 33/4c | AI49: 8010 | AJ49: Graz | AM49: ÖSTERREICH | AN49: STMK | AO49: +43 699 10205728 | AR49: jeremias.hutegger@gmail.com | AS49: 2011 - 2018 Elektrotechnik - Elektrotechnik Studienzweig: Automatisierungs- und Regelungstechnik (TU Graz) | AT49: Öffentliche Wirtschaft - Energieversorgung - EVN AG-Angestellter - Abteilungsleiter - Elektrotechnik- | AV49: Cl:Barwart 2 (WS 2011/12) | Cl:Barwart (WS 2013/14) | Cl:Fuchsmajor (SS 2014) | Cl:Senior (SS 2016) | GCV:OV-Vizepräsident 2 (Von 01. Jul. 2016 bis 30. Jun. 2017) | Alb:Fuchsmajor (WS 2020/21) | Cl:Philisterconsenior 1 (Von 14. Okt. 2023 bis 08. Jun. 2024) | AX49: Cl v. Siegfried (UP:18.8.2011), Alb v. Siegfried (BP:27.10.2018) | AY49: TGW v. Siegfried (UP:13.2.2009) | BA49: TGW v. Siegfried (UP:13.2.2009)
A50: 11100787 | B50: 787 | C50: Herrn | D50: ao. Univ.-Prof. | E50: Mag. Dr. | G50: Hubert | K50: Isak | O50: Besen | P50: 06.09.1955: Ehe mit Dr. Maria (Ria), Kinder: ? | 06.09.1955: Gastprofessuren an der Rutgers State University of New Jersey und University Pittsburgh | 06.09.1955: Teilnehmer bei BbG-Deutschlandreise 2009 | | Q50: Erich Tscherne (†) v. Rico | R50: BbG | S50: UP | T50: 24.06.1976 | V50: 1977 | W50: 16.11.1982 | Y50: Mitgliedschaft ist aufrecht | Z50: 06.09.1955 | AA50: Eibiswald | AE50: elektronisch | AF50: postalisch | AG50: Privatadresse | AH50: Kollwitzgasse 15 | AI50: 8041 | AJ50: Graz | AM50: ÖSTERREICH | AN50: STMK | AQ50: Telefon privat:+43 664 1406599 | AR50: hubert.isak10@gmail.com | AS50: 1974 - 1978 Rechtswissenschaften - keine Angabe (Uni Graz) | AT50: Öffentlicher Dienst - Universitäten und Hochschulen-Pensionist/im Ruhestand - Lehrer/Prof. (Uni. und/oder Schule) - Recht- | AU50: BbG 50-Semester Jubelband (16.06.2001) | BbG 75-Semester Jubelband (21.06.2014) | BbG Band "pro meritis" (25.03.2022) | AV50: BbG:Schriftführer 1 (SS 1978) | BbG:Philisterschriftführer (Von 25. Jan. 2011 bis 30. Jan. 2017) | Alb:Vorsitzender des Verbindungsgerichtes (Ab 01. Mrz. 2022) | AW50: Alb:Vorsitzender des Verbindungsgerichtes (Ab 01. Mrz. 2022) | AX50: BbG v. Besen (UP:24.6.1976), Alb v. Besen (BP:_._.1978)
A51: 10500029 | C51: Herrn | G51: Walter | K51: Jeloucan | O51: Cromwell | Q51: Johann Andrej (†) v. Kram | R51: Alb | S51: UP | T51: 22.10.1974 | V51: 23.03.1976 | W51: 20.03.1984 | Y51: Mitgliedschaft ist aufrecht | Z51: 20.04.1956 | AE51: postalisch | AF51: postalisch | AG51: Privatadresse | AH51: Fabriksgasse 7 | AI51: 8020 | AJ51: Graz | AM51: ÖSTERREICH | AN51: STMK | AO51: +43 +43 677 63286901 | AR51: walter.jeloucan@gmail.com | AT51: Privatwirtschaft - Dienstleistung - Banken-Angestellter - Finanzen-Lds-Hypo-Stmk | Privatwirtschaft - Dienstleistung - Banken-Pensionist/im Ruhestand - Bereichsverantwortlicher-Angestellter | AX51: Alb v. Cromwell (UP:22.10.1974) | AY51: LIJ v. Cromwell (UP:_._.1972) | BA51: LIJ v. Cromwell (UP:_._.1972)
A52: 10500254 | C52: Herrn | D52: Assoc. Prof. | E52: Bakk. Dipl.-Ing. Dr. | G52: Bernhard | K52: Kainz | O52: Schäpfer | Q52: Stephan Kropf v. Goanix | R52: Alb | S52: UP | T52: 29.06.2001 | U52: 2002 | V52: 17.01.2003 | W52: 28.10.2006 | Y52: Mitgliedschaft ist aufrecht | Z52: 27.01.1982 | AE52: postalisch | AF52: postalisch | AG52: Privatadresse | AH52: Kernstockgasse 29 | AI52: 8280 | AJ52: Fürstenfeld | AM52: ÖSTERREICH | AN52: STMK | AO52: +43 664 2403948 | AR52: bernhard.kainz1@gmail.com | AS52: 2001 - 2007 Telematik - keine Angabe (TU Graz) | 2007 - 2011 Doktorratsstudium der Technik - Informatik (TU Graz) | AT52: Öffentlicher Dienst - Universitäten und Hochschulen - Universität/Hochschule in Europa (exkl. BRD)-Angestellter - Lehrer/Prof. (Uni. und/oder Schule) - Informatik-Dept. Computing, Imperial College London, UK | AV52: Alb:Consenior (WS 2003/04) | Alb:Schriftführer (SS 2004) | Alb:Consenior 1 (WS 2005/06) | Alb:Philisterconsenior 2 (Von 30. Jan. 2009 bis 24. Okt. 2009) | AX52: Alb v. Schäpfer (UP:29.6.2001)
A53: 10500324 | C53: Herrn | G53: Niklas | K53: Kainz | O53: Zeppelin | R53: Alb | S53: FU | T53: 06.12.2025 | Y53: Mitgliedschaft ist aufrecht | Z53: 13.01.2000 | AA53: Graz | AE53: elektronisch | AF53: postalisch | AG53: Privatadresse | AH53: Angermayrstraße 24 | AI53: 8047 | AJ53: Hart bei Graz | AM53: ÖSTERREICH | AN53: STMK | AO53: +43 660 6610662 | AR53: njkainz@gmail.com | AS53: 2024 - Luftfahrttechnik (FH Joanneum) | AX53: Alb v. Zeppelin (FU:6.12.2025)
A54: 10500066 | C54: Herrn | E54: BSc Dipl.-Ing. | G54: Philip | K54: Kargl | O54: Äolus | Q54: Stefan Steinwender v. Eismasta | R54: Alb | S54: UP | T54: 09.05.2008 | U54: 30.01.2009 | V54: 09.10.2009 | W54: 29.10.2016 | Y54: Mitgliedschaft ist aufrecht | Z54: 11.11.1988 | AA54: Klagenfurt | AE54: elektronisch | AF54: postalisch | AG54: Privatadresse | AH54: Waffenschmiedgasse 44/2 | AI54: 9020 | AJ54: Klagenfurt | AM54: ÖSTERREICH | AN54: K | AO54: +43 664 4688201 | AR54: philip.kargl@aon.at | AS54: 2007 - 2016 Technische Physik - keine Angabe (TU Graz) | 2018 - 2023 Doktorratsstudium der Technik - Technische Physik (TU Graz) | AT54: Öffentlicher Dienst - Universitäten und Hochschulen - Technische Universität Graz-Angestellter - Wissenschaftlicher Mitarbeiter - Forschung, Entwicklung & Wissenschaft-Senior Researcher im Bereich Batterie bei Virtual Vehicle Research GmbH | AV54: Alb:Schriftführer (SS 2010) | Alb:Schriftführer (SS 2011) | Alb:Fuchsmajor (SS 2013) | Alb:Fuchsmajor (SS 2015) | AX54: Alb v. Äolus (UP:9.5.2008) | AY54: GLK v. Äolus (UP:15.12.2006) | BA54: GLK v. Äolus (UP:15.12.2006)
A55: 10500140 | C55: Herrn | G55: Martin | K55: Kitzmüller | O55: O'botzta | P55: 03.04.1985: von 18.11.2009 bis 29.3.2012 Fuchs bzw. Bursch bei Carolina | | Q55: Christian Rohrhofer v. Franjo | R55: Alb | S55: BU | T55: 22.06.2012 | U55: 08.03.2013 | V55: 26.10.2013 | Y55: Mitgliedschaft ist aufrecht | Z55: 03.04.1985 | AA55: Linz | AE55: elektronisch | AF55: postalisch | AG55: Studienadresse | AH55: Albert-Schweitzer-Gasse 4/12 | AI55: 8020 | AJ55: Graz | AM55: ÖSTERREICH | AN55: STMK | AO55: +43 650 7864237 | AR55: martin.kitzmueller@gmail.com | AS55: 0 - 0 Fachtheologie (Katholische Theologie) - keine Angabe (Uni Graz) | 0 - 0 Geschichte - keine Angabe (Uni Graz) | AV55: GCV:OV-Schriftführer (Von 01. Jul. 2014 bis 30. Jun. 2015) | Alb:Fuchsmajor (SS 2021) | AX55: Alb v. O'botzta (BU:22.6.2012)
A56: 10500317 | C56: Herrn | G56: Julian | K56: Klausner | O56: Danke | Q56: Lukas Frießnegger v. Helmi | R56: Alb | S56: BU | T56: 10.03.2023 | U56: 06.10.2023 | V56: 16.12.2023 | Y56: Mitgliedschaft ist aufrecht | Z56: 21.10.2003 | AA56: Graz | AE56: elektronisch | AF56: postalisch | AG56: Privatadresse | AH56: Leonhardstraße 22 | AI56: 8010 | AJ56: Graz | AM56: ÖSTERREICH | AN56: STMK | AO56: +43 650 6911120 | AR56: Julian.Klausner@hotmail.com | AS56: 2023 - 2024 Chemie - keine Angabe (TU Graz) | 2024 - Medizin (MedUni Graz) | AV56: Alb:Consenior (WS 2023/24) | Alb:Barwart (WS 2023/24) | Alb:Fuchsmajor (WS 2024/25) | Alb:Consenior 1 (WS 2024/25) | Alb:Senior (SS 2025) | Alb:Senior (WS 2025/26) | AX56: Alb v. Danke (BU:10.3.2023)
A57: 10500040 | C57: Herrn | E57: Dipl.-Ing. | G57: Mario | K57: Klausner | O57: Calimero | Q57: Günther Salzger v. Chaim Gogh | R57: Alb | S57: UP | T57: 23.10.1990 | V57: 26.06.1991 | W57: 1996 | Y57: Mitgliedschaft ist aufrecht | Z57: 09.05.1964 | AE57: postalisch | AF57: postalisch | AG57: Privatadresse | AH57: Herbersteinstraße 84 | AI57: 8052 | AJ57: Graz | AM57: ÖSTERREICH | AN57: STMK | AQ57: Telefon privat:+43 316 816281 | AR57: mario.klausner@hotmail.com | AS57: 1983 - Architektur - keine Angabe (TU Graz) | AT57: Freie Berufe - Architekt-Angestellter - Projektleiter - Bauwesen- | AV57: GCV:OV-Vizepräsident 1 (Von 01. Jul. 1993 bis 30. Jun. 1994) | Alb:Philisterconsenior 1 (Von 01. Apr. 2002 bis 30. Jan. 2009) | AX57: Alb v. Calimero (UP:23.10.1990)
A58: 10500309 | C58: Herrn | G58: Paul | K58: Klausner | O58: Katschberg | Q58: Johannes Kröpfl v. Peacemaker | R58: Alb | S58: BU | T58: 25.09.2021 | U58: 03.11.2022 | V58: 10.03.2023 | Y58: Mitgliedschaft ist aufrecht | Z58: 24.11.2000 | AA58: Graz | AE58: elektronisch | AF58: postalisch | AG58: Privatadresse | AH58: Herbersteinstraße 84 | AI58: 8052 | AJ58: Graz | AM58: ÖSTERREICH | AN58: STMK | AO58: +43 699 16161626 | AR58: paul.klausner@hotmail.com | AS58: 2020 - Informatik (TU Graz) | AV58: Alb:Barwart (SS 2022) | Alb:Schriftführer (SS 2023) | Alb:IT-Beauftragter (Ab 01. Jul. 2023) | Alb:Fuchsmajor (SS 2024) | Alb:Consenior (SS 2025) | Alb:Barwart (WS 2025/26) | AW58: Alb:IT-Beauftragter (Ab 01. Jul. 2023) | AX58: Alb v. Katschberg (BU:25.9.2021)
A59: 10500323 | C59: Herrn | G59: Matthias | K59: Klein | O59: Nidus | R59: Alb | S59: BP | T59: 28.10.2023 | Y59: Mitgliedschaft ist aufrecht | Z59: 17.04.1982 | AA59: Lippstadt | AE59: postalisch | AF59: postalisch | AG59: Privatadresse | AH59: Wiener Straße 44 | AI59: 48145 | AJ59: Münster | AM59: DEUTSCHLAND | AO59: +49 1707350402 | AR59: suttroper@gmx.de | AX59: Alb v. Nidus (BP:28.10.2023) | AZ59: Als v. Nidus (UP:)
A60: 10500012 | C60: Herrn | E60: Dipl.-Ing. | G60: Franz | K60: Klug | O60: Seewolf | R60: Alb | S60: UP | T60: 11.10.1988 | W60: Okt. 1999 | Y60: Mitgliedschaft ist aufrecht | Z60: 18.01.1970 | AE60: postalisch | AF60: postalisch | AG60: Privatadresse | AH60: Thomastrasse 34 | AI60: 85653 | AJ60: Aying | AM60: DEUTSCHLAND | AQ60: Telefon privat:+49 8095 871854 Telefon dienstlich:+49 89 234-83673 Fax dienstlich:+49 89 234-9559114 | AR60: fklug@gmx.net | AS60: 1988 - Technische Mathematik - keine Angabe (TU Graz) | AT60: Privatwirtschaft - Industrie - Elektro, Elektronik und IT-Angestellter- | AX60: Alb v. Seewolf (UP:11.10.1988)
A61: 10500042 | C61: Herrn | E61: Dipl.-Ing. | G61: Johann | K61: Klug | O61: Limited | P61: 18.04.1971: Branderung in Protokollen aus 1991-92 | | R61: Alb | S61: UP | T61: 19.11.1991 | V61: 20.11.1992 | W61: Mai 2002 | Y61: Mitgliedschaft ist aufrecht | Z61: 18.04.1971 | AE61: postalisch | AF61: postalisch | AG61: Privatadresse | AH61: Freiland 27 | AI61: 8530 | AJ61: Deutschlandsberg | AM61: ÖSTERREICH | AN61: STMK | AQ61: Telefon privat:+43 3462 30018 | AR61: j.klug@stmk.gv.at | AS61: - Landwirtschaft Studienzweig: Agrarökonomik - keine Angabe (BoKu Wien) | AT61: Öffentlicher Dienst - Landesverwaltung - Steirische Landesregierung-Beamter - Referatsleiter-Landwirtschaft und Ländliche Entwicklung | AV61: Alb:Archivar (Ab 23. Okt. 2010) | AW61: Alb:Archivar (Ab 23. Okt. 2010) | AX61: Alb v. Limited (UP:19.11.1991), Aa v. Limited (BP:1.11.1995) | AY61: LOD v. Limited (BP:), GTS v. Limited (UP:7.12.2015) | BA61: LOD v. Limited (BP:), GTS v. Limited (UP:7.12.2015)
A62: 10500313 | C62: Herrn | G62: Daniel | K62: Kolbitsch | N62: BSc | O62: SichaSchon | Q62: Matthias Berger v. HengtBoss | R62: Alb | S62: BU | T62: 24.10.2021 | V62: 22.10.2022 | Y62: Mitgliedschaft ist aufrecht | Z62: 13.08.1995 | AA62: Villach | AE62: elektronisch | AF62: postalisch | AG62: Privatadresse | AH62: Körblergasse 26b/17 | AI62: 8010 | AJ62: Graz | AM62: ÖSTERREICH | AN62: STMK | AO62: +43 677 62011052 | AR62: daniel1381995@gmail.com | AS62: 2016 - 2019 Betriebswirtschaft - Studienzweig: Betriebswirtschaft - keine Angabe (Uni Graz) | 2024 - Betriebswirtschaft - Steuerrecht und Rechnungswesen (Uni Graz) | AT62: Privatwirtschaft - Dienstleistung - Wirtschaftsprüfung - Steuerberater-Angestellter - Einkommensteuer-Steuerberater Berufsanwärter | AV62: Alb:Schriftführer (WS 2022/23) | Alb:Kassier (SS 2025) | Alb:Kassier (WS 2025/26) | Alb:Chefredakteur (Ab 29. Sep. 2025) | AW62: Alb:Chefredakteur (Ab 29. Sep. 2025) | AX62: Alb v. SichaSchon (BU:24.10.2021)
A63: 10500108 | C63: Herrn | D63: HR i.R. | E63: Dr. | G63: Wolfgang | K63: Königswieser | O63: Ketchup | Q63: Josef Koren (†) v. Dr. cer. Bibo | R63: Alb | S63: UP | T63: 08.11.1961 | Y63: Mitgliedschaft ist aufrecht | Z63: 01.06.1943 | AE63: elektronisch | AF63: postalisch | AG63: Privatadresse | AH63: Alberstraße 6 | AI63: 8010 | AJ63: Graz | AM63: ÖSTERREICH | AN63: STMK | AO63: +43 676 6506651 | AQ63: Telefon privat:+43 316 358762 | AR63: wkoenigswieser@hotmail.com | AS63: 1961 - 0 Rechtswissenschaften - keine Angabe (Uni Graz) | AT63: Öffentlicher Dienst - Landesverwaltung - Steirische Landesregierung-Pensionist/im Ruhestand - Landesobmann - Personalwesen- | AV63: Alb:Consenior (SS 1963) | Alb:Kassier (WS 1963/64) | GCV:OV-Präsident (Von 01. Jul. 1964 bis 30. Jun. 1965) | Alb:Philistersenior (Von 26. Okt. 1980 bis 24. Okt. 1983) | Landesregierung (Stmk):Zirkel-Vorsitzender (Von 01. Jan. 2005 bis 28. Feb. 2013) | Alb:Vorsitzender des Verbindungsgerichtes (Von 24. Okt. 2015 bis 01. Mrz. 2022) | AX63: Alb v. Ketchup (UP:8.11.1961)
A64: 10500262 | C64: Herrn | G64: Oliver | K64: Korak | O64: Hodor | Q64: Fabian Köll (Dim) v. Stratos | R64: Alb | S64: UP | T64: 10.05.2014 | V64: 02.10.2015 | W64: 26.10.2024 | Y64: Mitgliedschaft ist aufrecht | Z64: 02.11.1994 | AA64: Klagenfurt | AE64: elektronisch | AF64: postalisch | AG64: Privatadresse | AH64: Drosselgasse 11 | AI64: 8501 | AJ64: Lieboch | AM64: ÖSTERREICH | AN64: STMK | AO64: +43 676 5226623 | AR64: oliverkorak94@gmail.com | AS64: 2014 - 2025 Chemie - keine Angabe (TU Graz) | AV64: Alb:Barwart (SS 2015) | Alb:Consenior (WS 2015/16) | Alb:Senior (SS 2016) | Alb:Fuchsmajor (SS 2017) | GCV:OV-Präsident (Von 01. Jul. 2019 bis 30. Jun. 2020) | AX64: Alb v. Hodor (UP:10.5.2014) | AY64: PLP (UP:) | BA64: PLP (UP:)
A65: 10500147 | C65: Herrn | D65: FA | E65: Dr. | G65: Hubertus | K65: Kordecki | O65: Hubertus | R65: Alb | S65: BP | T65: 1970 | Y65: Mitgliedschaft ist aufrecht | Z65: 20.03.1943 | AE65: postalisch | AF65: postalisch | AG65: Privatadresse | AH65: Lindenstraße 9 | AI65: 49832 | AJ65: Thuine | AM65: DEUTSCHLAND | AQ65: Telefon privat:+49 5902 658 | AR65: Hubertuskordecki@gmail.com | AS65: 0 - 0 Medizin - keine Angabe | AT65: Freie Berufe - Arzt - FA für Gynäkologie und Geburtenhilfe-Selbständiger - Freiberufler - Bereichsleitung- | AX65: Alb v. Hubertus (BP:_._.1970) | AZ65: Als v. Hubertus (UP:22.7.1964)
A66: 10500291 | C66: Herrn | G66: Ulrich | K66: Kordecki | O66: Uli | R66: Alb | S66: BP | T66: 28.10.2017 | Y66: Mitgliedschaft ist aufrecht | Z66: 16.11.1973 | AA66: Warendorf | AE66: postalisch | AF66: postalisch | AG66: Privatadresse | AH66: Eichsfelderstraße 18 | AI66: 48153 | AJ66: Münster | AM66: DEUTSCHLAND | AO66: +49 177 9547783 | AR66: ulrich.kordecki@web.de | AX66: Alb v. Uli (BP:28.10.2017) | AZ66: Als v. Uli (UP:9.12.1996)
A67: 10500129 | C67: Herrn | G67: Rudolf | K67: Kos | O67: Dr. cer. Sir | Q67: Horst Gruber v. Dr. cer. Kastor | R67: Alb | S67: UP | T67: 22.02.1963 | V67: 24.02.1964 | W67: 1975 | Y67: Mitgliedschaft ist aufrecht | Z67: 22.03.1943 | AE67: postalisch | AF67: postalisch | AG67: Privatadresse | AH67: August-Musger-Gasse 23 | AI67: 8010 | AJ67: Graz | AM67: ÖSTERREICH | AN67: STMK | AQ67: Telefon privat:+43 316 359564 | AR67: sir@albertina-graz.at | AT67: Öffentliche Wirtschaft - Soziale Verwaltung - Sozialversicherung-Pensionist/im Ruhestand - Abteilungsleiter- | AU67: Alb Dr. cerevisiae (03.02.2024) | AV67: Alb:Kassier (SS 1964) | Alb:Consenior (WS 1964/65) | Alb:Kassier (WS 1974/75) | Alb:Kassier (SS 1975) | Alb:Philisterkassier (Von 01. Okt. 1976 bis 28. Feb. 1983) | Alb:Philistersenior (Von 01. Okt. 1995 bis 30. Mrz. 2002) | Alb:Philistersenior (Von 29. Okt. 2011 bis 24. Okt. 2015) | AX67: Alb v. Dr. cer. Sir (UP:22.2.1963)
A68: 11809519 | C68: Herrn | G68: Stefan | H68: Andreas | K68: Koschel | O68: Lei Lei | Q68: Philipp Weilguni v. Weingummi | R68: GlL | S68: BU | T68: 18.10.2016 | U68: 01.06.2017 | V68: 25.11.2017 | Y68: Mitgliedschaft ist aufrecht | Z68: 05.09.1996 | AA68: Wolfsberg | AE68: elektronisch | AF68: postalisch | AG68: Studienadresse | AH68: Lendplatz 24/22 | AI68: 8020 | AJ68: Graz | AM68: ÖSTERREICH | AN68: STMK | AO68: +43 664 3015550 | AR68: koschel.stefan@gmx.at | AS68: 2016 - Montanmaschinenwesen (Leoben, Montan Uni) | AV68: GlL:Consenior 2 (SS 2018) | GlL:Fuchsmajor (WS 2019/20) | GlL:Senior (WS 2021/22) | LCV:OV-Schriftführer (Von 01. Jul. 2024 bis 30. Jun. 2025) | Alb:Fuchsmajor 2 (SS 2025) | Alb:Fuchsmajor 2 (WS 2025/26) | AX68: GlL v. Lei Lei (BU:18.10.2016), Alb v. Lei Lei (VA:16.11.2024)
A69: 13901115 | C69: Herrn | E69: Mag. | G69: Thomas | K69: Kosel | O69: Jo | P69: 21.09.1981: Von 09.09.2009 bis 25.01.2013. Mitglied Erasmus Graz | | Q69: Leo Borchardt v. Königsberg | R69: Trn | S69: UP | T69: 08.03.2002 | U69: 13.12.2002 | V69: 11.04.2003 | W69: 04.10.2021 | Y69: Mitgliedschaft ist aufrecht | Z69: 21.09.1981 | AA69: Klagenfurt | AE69: postalisch | AF69: postalisch | AG69: Privatadresse | AH69: Bergmanngasse 44/6 | AI69: 8010 | AJ69: Graz | AM69: ÖSTERREICH | AN69: STMK | AO69: +43 660 1639042 | AR69: koselthomas234@yahoo.com | AS69: - 2021 Chemie Studienzweig: Chemie (Lehramt) - Physik Studienzweig: Physik (Lehramt) (Uni Graz) | AT69: Öffentlicher Dienst - Schulen - Berufsbild. (mittlere u.) höhere Schulen-Vertragsbediensteter - Physik (auch theor.)-Lehrer | AV69: Trn:Schriftführer (SS 2003) | Ca:Schriftführer (WS 2004/05) | Ca:Consenior (SS 2005) | GCV:OV-Präsident (Von 01. Jul. 2009 bis 30. Jun. 2010) | Ca:Kassier (SS 2014) | Ca:Kassier (WS 2014/15) | Alb:Consenior (SS 2016) | Alb:Philisterconsenior 3 (Von 23. Okt. 2021 bis 28. Okt. 2023) | Alb:Philisterconsenior 1 (Von 28. Okt. 2023 bis 04. Nov. 2025) | Alb:Philistersenior (Ab 05. Nov. 2025) | AW69: Alb:Philistersenior (Ab 05. Nov. 2025) | AX69: Trn v. Jo (UP:8.3.2002), Ca v. Jo (BP:11.6.2005), Alb v. Jo (BP:24.5.2013)
A70: 10500141 | C70: Herrn | D70: Prof. | E70: Mag. | G70: Dietmar | K70: Krausneker | O70: Blondel | Q70: Erich Sinkovits v. Schluckerl | R70: Alb | S70: UP | T70: 20.06.1978 | V70: 22.06.1979 | W70: 08.10.1981 | Y70: Mitgliedschaft ist aufrecht | Z70: 04.05.1958 | AE70: postalisch | AF70: postalisch | AG70: Privatadresse | AH70: Nr. 162 | AI70: 8262 | AJ70: Ilz | AM70: ÖSTERREICH | AN70: STMK | AO70: +43 676 87426903 | AQ70: Telefon privat:+43 3385 428 Telefon dienstlich:+43 316 3450 | AR70: dietmar.krausneker@aon.at | AS70: 0 - 0 Kombinierte Religionspädagogik (Katholische Theologie) - keine Angabe (Uni Graz) | AT70: Öffentlicher Dienst - Schulen - Berufsbild. (mittlere u.) höhere Schulen-Beamter - Mitgl. d. Vorst., Geschäftsl. oder Direktion- | -Beamter- | AX70: Alb v. Blondel (UP:20.6.1978)
A71: 10500245 | C71: Herrn | E71: Bakk. Mag. | G71: Stephan | K71: Kropf | O71: Goanix | Q71: René Alexiewicz (Dim) v. Zeus | R71: Alb | S71: UP | T71: 26.06.1998 | V71: 15.03.1999 | W71: 29.10.2016 | Y71: Mitgliedschaft ist aufrecht | Z71: 10.07.1978 | AA71: Fürstenfeld | AE71: postalisch | AF71: postalisch | AG71: Privatadresse | AH71: Schwaigergasse, 35/33 Hof | AI71: 1210 | AJ71: Wien | AM71: ÖSTERREICH | AN71: W | AO71: +43 699 11346121 | AR71: sk@seitenwechsel.at | AS71: 1999 - 2009 Volkswirtschaft - Volkswirtschaft (Uni Graz) | 2005 - 2009 Wirtschaftswissenschaften Studienzweig: Management Science - Betriebswirtschaft (Uni Graz) | AT71: Körperschaften/Verbände - Non Gouvernment Organ. (NGO)-(Ehrenamt.) Funktionär - Mitgl. d. Vorst., Geschäftsl. oder Direktion - Finanzen-Finanzen & PR | Freie Berufe-Selbständiger - Trainer - Verkauf/Vertrieb-Trainer | Körperschaften/Verbände - Non Gouvernment Organ. (NGO)-Angestellter - Geschäftsführer - Bildung-Geschäftsführer | AV71: Alb:Senior (SS 2003) | AX71: Alb v. Goanix (UP:26.6.1998) | AY71: RBF v. Goanix (UP:15.10.1994), JNW v. Goanix (BP:21.9.1998), FBH v. Goanix (BP:_._.1998), KBF v. Goanix (BP:19.3.2004) | BA71: RBF v. Goanix (UP:15.10.1994), JNW v. Goanix (BP:21.9.1998), FBH v. Goanix (BP:_._.1998), KBF v. Goanix (BP:19.3.2004)
A72: 10500306 | C72: Herrn | G72: Johannes | K72: Kröpfl | O72: Peacemaker | Q72: Mathias Lamprecht v. Ibiza | R72: Alb | S72: BU | T72: 07.03.2020 | U72: 24.10.2021 | V72: 26.02.2022 | Y72: Mitgliedschaft ist aufrecht | Z72: 11.10.1997 | AA72: Villach | AE72: elektronisch | AF72: postalisch | AG72: Privatadresse | AH72: Wiesensteig 21a | AI72: 9500 | AJ72: Villach | AM72: ÖSTERREICH | AN72: K | AO72: +43 660 2965734 | AR72: kroepfl.johannes97@gmail.com | AS72: 2019 - Data Science - keine Angabe (Uni Linz) | AT72: Privatwirtschaft - Dienstleistung - IT-Angestellter - Informatik-Datenwissenschaftler und Machine Learning Ingenieur | AV72: Alb:Barwart (WS 2020/21) | Alb:Barwart (SS 2021) | Alb:Consenior 1 (SS 2022) | Alb:Kassier (WS 2022/23) | Alb:Fuchsmajor (SS 2023) | AX72: Alb v. Peacemaker (BU:7.3.2020)
A73: 10500058 | C73: Herrn | G73: Johannes | K73: Lammer | N73: B.Ed. | O73: Minos | Q73: Georg Scharrer v. Cervisius | R73: Alb | S73: UP | T73: 28.10.2006 | U73: 04.05.2007 | V73: 13.10.2007 | W73: 29.10.2016 | Y73: Mitgliedschaft ist aufrecht | Z73: 13.12.1986 | AA73: Klagenfurt | AE73: postalisch | AF73: postalisch | AG73: Privatadresse | AH73: Hilmteichstraße 118a/2 | AI73: 8043 | AJ73: Graz | AM73: ÖSTERREICH | AN73: STMK | AO73: +43 650 2122786 | AR73: johannes.lammer@gmail.com | AS73: 2011 - 2014 Lehramt für Volksschulen (PädHS) | AT73: Öffentlicher Dienst - Schulen - Pädak-Vertragsbediensteter - Lehrer/Prof. (Uni. und/oder Schule)- | Öffentlicher Dienst - Schulen - Pädak-Vertragsbediensteter - Lehrer/Prof. (Uni. und/oder Schule)- | AV73: Alb:Kassier (WS 2007/08) | Alb:Kassier (SS 2008) | Alb:Fuchsmajor (WS 2012/13) | AX73: Alb v. Minos (UP:28.10.2006)
A74: 10500303 | C74: Herrn | G74: Mathias | K74: Lamprecht | O74: Ibiza | Q74: Michael Franz Eibl v. Betöng | R74: Alb | S74: BU | T74: 25.05.2019 | U74: 06.12.2019 | V74: 02.10.2020 | Y74: Mitgliedschaft ist aufrecht | Z74: 12.08.1999 | AA74: Rottenmann | AE74: postalisch | AF74: postalisch | AG74: Privatadresse | AH74: Sackstraße 14/24 | AI74: 8010 | AJ74: Graz | AM74: ÖSTERREICH | AN74: STMK | AO74: +43 660 4199337 | AR74: mathias.lamprecht@gmx.net | AV74: Alb:Barwart 1 (SS 2020) | Alb:Consenior 1 (WS 2020/21) | Alb:Consenior (SS 2021) | Alb:Senior (WS 2021/22) | Alb:Fuchsmajor (SS 2022) | Alb:Fuchsmajor 2 (WS 2023/24) | Alb:Barwart (WS 2023/24) | AX74: Alb v. Ibiza (BU:25.5.2019) | AY74: WOL (BU:), ASG (VA:) | BA74: WOL (BU:), ASG (VA:)
A75: 10500301 | C75: Herrn | G75: Michael | K75: Lamprecht | O75: Philippa | Q75: Franz Martin Rohrhofer v. Kayzer | R75: Alb | S75: BU | T75: 29.06.2019 | U75: 02.10.2020 | V75: 23.10.2021 | Y75: Mitgliedschaft ist aufrecht | Z75: 09.02.1997 | AA75: Rottenmann | AE75: elektronisch | AF75: postalisch | AG75: Privatadresse | AH75: Gleisdorfer Gasse 17 | AI75: 8010 | AJ75: Graz | AM75: ÖSTERREICH | AN75: STMK | AO75: +43 660 5184581 | AR75: michaellamprecht@gmx.at | AS75: 2015 - Physik (TU Graz) | AV75: Alb:Barwart 2 (SS 2020) | Alb:Kassier (SS 2021) | Alb:Kassier (WS 2021/22) | Alb:Consenior (SS 2023) | AX75: Alb v. Philippa (BU:29.6.2019)
A76: 10500110 | C76: Herrn | D76: Med.R | E76: Dr. | G76: Helmut | K76: Lang | O76: Vim | R76: Alb | S76: UP | T76: 22.10.1965 | V76: 12.12.1966 | W76: Dez. 1971 | Y76: Mitgliedschaft ist aufrecht | Z76: 08.05.1947 | AE76: postalisch | AF76: postalisch | AG76: Privatadresse | AH76: Arenbergstraße 10 a | AI76: 5020 | AJ76: Salzburg | AM76: ÖSTERREICH | AN76: S | AO76: +43 664 3381701 | AQ76: Telefon privat:+43 662 640516 Telefon/Fax dienstlich:+43 662 841447 | AR76: he.Lang@gmx.at | AS76: 0 - 0 Medizin - keine Angabe (MedUni Graz) | AT76: Freie Berufe - Arzt - Praktischer Arzt (Allgemeinmed.)-Selbständiger- | AU76: Alb 100-Semester Jubelband (29.10.2016) | AX76: Alb v. Vim (UP:22.10.1965) | AY76: TGW v. Vim (UP:_._.1963) | BA76: TGW v. Vim (UP:_._.1963)
A77: 10500023 | C77: Herrn | E77: Mag. | G77: Manuel | K77: Leitgeb | N77: B.A. | O77: Durin | Q77: Stephan Kropf v. Goanix | R77: Alb | S77: UP | T77: 28.06.2003 | V77: 30.10.2004 | W77: 26.04.2011 | Y77: Mitgliedschaft ist aufrecht | Z77: 20.04.1983 | AE77: postalisch | AF77: postalisch | AG77: Privatadresse | AH77: Heutal 32 | AI77: 7543 | AJ77: Neusiedl | AM77: ÖSTERREICH | AN77: B | AO77: +43 676 7126652 | AR77: manuel.leitgeb@gmail.com | AS77: - 2023 Geschichte (Uni Graz) | 0 - 0 Master of Business Administration - keine Angabe (Uni Graz) | AT77: Privatwirtschaft - Gewerbe u. Handwerk - IT-Angestellter - Verkauf/Vertrieb-Bid und Sales Manager | Privatwirtschaft - Dienstleistung - Consulting-Selbständiger - Beratung/Kundenbetreuung-Selbstständig,Trainer für Unternehmen (Sales, Key Account Management) | Privatwirtschaft - Handel - Eisen- u. Metallwaren-Angestellter - Bereichsverantwortlicher - Verkauf/Vertrieb-Key Account Manager | AV77: Alb:Kassier (SS 2005) | Alb:Kassier (WS 2005/06) | Alb:Fuchsmajor (WS 2006/07) | Alb:Senior (WS 2008/09) | AX77: Alb v. Durin (UP:28.6.2003), ErG v. Durin (BP:6.11.2009) | AY77: RBF v. Retsina (UP:18.2.2000), KBF v. Retsina (BP:17.3.2005) | BA77: RBF v. Retsina (UP:18.2.2000), KBF v. Retsina (BP:17.3.2005)
A78: 10500045 | C78: Herrn | D78: Dir. | E78: Mag. | G78: Christian | K78: Leitner | O78: Ribisel | Q78: Johann Andrej (†) v. Kram | R78: Alb | S78: UP | T78: 22.06.1979 | V78: 10.10.1980 | W78: 24.10.1987 | Y78: Mitgliedschaft ist aufrecht | Z78: 05.10.1960 | AA78: Graz | AE78: postalisch | AF78: postalisch | AG78: Privatadresse | AH78: Prauneggerallee 11 | AI78: 8530 | AJ78: Deutschlandsberg | AM78: ÖSTERREICH | AN78: STMK | AO78: +43 664 75104674 | AQ78: Telefon dienstlich:+43 3462 7710 | AR78: chris-leitner@gmx.at | AS78: 1977 - 1984 Fagott - keine Angabe (Graz, Kunstuni) | AT78: Öffentlicher Dienst - Schulen - Konservatorium-Beamter - Direktor - Musik- | AX78: Alb v. Ribisel (UP:22.6.1979)
A79: 10500007 | C79: Herrn | D79: GR Pfr. | E79: Mag. | G79: Anton | K79: Lierzer | O79: Thomas Morus | R79: Alb | S79: EM | T79: 25.11.1975 | Y79: Mitgliedschaft ist aufrecht | Z79: 30.09.1949 | AE79: postalisch | AF79: postalisch | AG79: Privatadresse | AH79: Kirchengasse 22 | AI79: 8541 | AJ79: Schwanberg | AM79: ÖSTERREICH | AN79: STMK | AQ79: Telefon privat:+43 3467 8284 | AS79: 0 - 0 Fachtheologie (Katholische Theologie) - keine Angabe (Uni Graz) | AT79: Körperschaften/Verbände - Katholische Kirche - Diözese Graz-Seckau-Angestellter - Pfarrer- | AX79: Alb v. Thomas Morus (EM:25.11.1975)
A80: 10500247 | C80: Herrn | E80: Mag. | G80: Christoph | K80: Loh | O80: Striezl | Q80: Hannes Reiher v. Fotofix | R80: Alb | S80: UP | T80: 27.10.1999 | U80: 30.06.2000 | V80: 13.10.2000 | W80: 18.10.2008 | Y80: Mitgliedschaft ist aufrecht | Z80: 27.08.1979 | AE80: postalisch | AF80: postalisch | AG80: Privatadresse | AH80: Angermayerstraße 32b | AI80: 8047 | AJ80: Graz | AM80: ÖSTERREICH | AN80: STMK | AO80: +43 664 88708796 | AP80: +43 664 8165705 | AR80: christophloh@gmx.at | AS80: - Rechtswissenschaften - keine Angabe (Uni Graz) | AT80: Privatwirtschaft - Dienstleistung - Banken - Investment-Bank-Angestellter - Finanzierungen/Investitionen-Raiffeisen-Landesbank Steiermark AG | AU80: Alb 50-Semester Jubelband (26.10.2024) | AV80: Alb:Consenior (WS 2000/01) | Alb:Senior (WS 2001/02) | Alb:Fuchsmajor (SS 2002) | Alb:Fuchsmajor (WS 2004/05) | Alb:Fuchsmajor (SS 2006) | Alb:Philisterconsenior 1 (Von 01. Jan. 2009 bis 24. Okt. 2009) | AX80: Alb v. Striezl (UP:27.10.1999)
A81: 10500084 | C81: Herrn | E81: Dipl.-Ing. Dr. | G81: Michael | K81: Maier | O81: Limbo | Q81: Michael Renz v. Nöm | R81: Alb | S81: UP | T81: 13.03.2010 | U81: 04.12.2010 | V81: 13.05.2011 | W81: 29.10.2016 | Y81: Mitgliedschaft ist aufrecht | Z81: 13.02.1989 | AA81: Braunau | AE81: postalisch | AF81: postalisch | AG81: Privatadresse | AH81: Berliner Ring 47, Tür 9 | AI81: 8047 | AJ81: Graz | AM81: ÖSTERREICH | AN81: STMK | AO81: +43 680 5575270 | AR81: michael.maie@gmail.com | AS81: 2009 - 2014 Elektrotechnik - Elektrotechnik Studienzweig: Automatisierungs- und Regelungstechnik (TU Graz) | 2015 - 2022 Doktorratsstudium der Technik - Automatisierungstechnik (TU Graz) | AT81: -Angestellter - Universitätsassistent - Elektrotechnik-Unversitätsassistent | AV81: Alb:Schriftführer (SS 2012) | Alb:Senior (SS 2013) | Alb:Fuchsmajor (WS 2013/14) | AX81: Alb v. Limbo (UP:13.3.2010)
A82: 10500086 | C82: Herrn | E82: Dipl.-Ing. | G82: Alexander | K82: Mannsberger | N82: BSc | O82: Maximus | Q82: Rene Planteu v. Der Zweitere | R82: Alb | S82: UP | T82: 25.06.2010 | U82: 13.05.2011 | V82: 11.05.2012 | W82: 17.10.2020 | Y82: Mitgliedschaft ist aufrecht | Z82: 16.03.1988 | AA82: Wolfsberg | AE82: postalisch | AF82: postalisch | AG82: Privatadresse | AH82: Trattenweg 12/15 | AI82: 8010 | AJ82: Graz | AM82: ÖSTERREICH | AN82: STMK | AO82: +43 650 9580266 | AR82: alexandermannsberger@gmail.com | AS82: 2010 - 2015 Molekularbiologie - Biologie Studienzweig: Molekularbiologie (Uni Graz) | 2015 - 2019 Biotechnologie - Biotechnologie (TU Graz) | AT82: Öffentliche Wirtschaft-Angestellter - Projektleiter - Projektmanagement-Projektleiter | AV82: Alb:Schriftführer (SS 2015) | AX82: Alb v. Maximus (UP:25.6.2010) | AY82: SOW v. Maximus (UP:15.11.2003) | BA82: SOW v. Maximus (UP:15.11.2003)
A83: 10500074 | C83: Herrn | E83: Dipl.-Ing. | G83: Paul | K83: Melbinger | O83: Zippo | Q83: Matthias Scharrer v. Infinitius | R83: Alb | S83: UP | T83: 30.01.2009 | U83: 09.10.2009 | V83: 29.01.2010 | W83: 28.10.2017 | Y83: Mitgliedschaft ist aufrecht | Z83: 06.10.1986 | AA83: St.Veit/Glan | AE83: postalisch | AF83: postalisch | AG83: Privatadresse | AH83: Schönberg 74 | AI83: 8411 | AJ83: Hengsberg | AM83: ÖSTERREICH | AN83: STMK | AO83: +43 664 75044610 | AR83: zippo@albertina-graz.at | AS83: 2007 - 2017 Softwareentwicklung - Wirtschaft - keine Angabe (TU Graz) | AT83: Öffentliche Wirtschaft - Dienstleistung-Selbständiger - Softwareentwicklung-Softwareentwicklung | Privatwirtschaft - Dienstleistung-Abteilungsleiter - Informationstechnologie (IT)-Head of Technical Sales | AU83: Alb Dank-Band (27.10.2012) | AV83: Alb:Philisterconsenior 3 (-) | Alb:Barwart (WS 2009/10) | Alb:Consenior (SS 2010) | Alb:Senior (WS 2010/11) | Alb:IT-Beauftragter (Von 01. Okt. 2010 bis 30. Jun. 2023) | Alb:Archivar 1 (Ab 05. Okt. 2010) | Alb:Senior (SS 2011) | Alb:Consenior (WS 2011/12) | Alb:Senior (WS 2013/14) | Alb:Standesführer ÖCV.Net (Von 05. Mai. 2015 bis 22. Jun. 2023) | Alb:Philisterconsenior 2 (Von 26. Okt. 2019 bis 28. Okt. 2023) | AW83: Alb:Archivar 1 (Ab 05. Okt. 2010) | Alb:Philisterconsenior 3 (-) | AX83: Alb v. Zippo (UP:30.1.2009)
A84: 10500054 | C84: Herrn | G84: Michael | H84: Karl | K84: Menner | O84: Aspirin | Q84: Rene Planteu v. Der Zweitere | R84: Alb | S84: BU | T84: 01.12.2006 | U84: 30.11.2007 | V84: 30.01.2008 | Y84: Mitgliedschaft ist aufrecht | Z84: 24.01.1988 | AA84: Villach | AE84: elektronisch | AF84: postalisch | AG84: Privatadresse | AH84: Lobisserplatz 5 | AI84: 9470 | AJ84: St. Paul im Lavanttal | AM84: ÖSTERREICH | AN84: K | AO84: +43 664 4602572 | AR84: menner_michael@hotmail.com | AS84: 2006 - 0 Pharmazie - keine Angabe (Uni Graz) | AV84: Alb:Consenior (WS 2008/09) | AX84: Alb v. Aspirin (BU:1.12.2006) | AY84: PLP (BU:) | BA84: PLP (BU:)
A85: 10500111 | C85: Herrn | E85: Dr. | G85: Gerhard | K85: Mislik | O85: Pips | R85: Alb | S85: UP | T85: 14.12.1968 | Y85: Mitgliedschaft ist aufrecht | Z85: 19.09.1946 | AE85: postalisch | AF85: postalisch | AG85: Privatadresse | AH85: Blütenweg 14 | AI85: 6800 | AJ85: Feldkirch | AM85: ÖSTERREICH | AN85: V | AO85: +43 664 5460580 | AQ85: Telefon privat:+43 5522 76944 | AR85: mislik@aon.at | AS85: 0 - 0 Rechtswissenschaften - keine Angabe | AT85: Öffentlicher Dienst - Justiz-Pensionist/im Ruhestand - Recht-Stellvertretender Vorsitzender des 3. Senates beim Fürstlichen Obergericht a.D. | AX85: Alb v. Pips (UP:14.12.1968)
A86: 10500279 | C86: Herrn | D86: Prof. | E86: Ing. | G86: Andreas | K86: Mörth | N86: BA MSc. | O86: Borg | Q86: Thomas Wutscher v. Paulinchen | R86: Alb | S86: UP | T86: 04.03.2016 | U86: 30.09.2016 | V86: 03.02.2017 | W86: 27.10.2018 | Y86: Mitgliedschaft ist aufrecht | Z86: 05.10.1986 | AA86: Deutschlandsberg | AE86: postalisch | AF86: postalisch | AG86: Privatadresse | AH86: Lastenstraße 14/439 | AI86: 8020 | AJ86: Graz | AM86: ÖSTERREICH | AN86: STMK | AO86: +43 664 88786140 | AR86: moeanb01@htlkaindorf.at | AS86: 2010 - 2014 Volkswirtschaft (Uni Graz) | 2014 - 2018 Wirtschaftspädagogik (Lehramt) (Uni Graz) | AT86: Öffentlicher Dienst - Schulen - Neue Mittelschulen-Vertragsbediensteter - Lehrer/Prof. (Uni. und/oder Schule) - Bildung-Lehrer | AV86: Alb:Kassier (SS 2017) | Alb:Philisterconsenior 3 (Von 28. Okt. 2023 bis 04. Nov. 2025) | Alb:Philisterconsenior 1 (Ab 05. Nov. 2025) | AW86: Alb:Philisterconsenior 1 (Ab 05. Nov. 2025) | AX86: Alb v. Borg (UP:4.3.2016)
A87: 10500325 | C87: Herrn | G87: Jan | K87: Moschet | O87: IbrauchZeit | R87: Alb | S87: FU | T87: 06.12.2025 | Y87: Mitgliedschaft ist aufrecht | Z87: 04.11.2003 | AA87: Villach | AE87: elektronisch | AF87: postalisch | AG87: Studienadresse | AH87: Andrägasse 12/1 | AI87: 8020 | AJ87: Graz | AM87: ÖSTERREICH | AN87: STMK | AO87: +43 650 2309503 | AR87: moschet.jan@gmail.com | AS87: 2024 - Information and Computer Engineering (TU Graz) | AX87: Alb v. IbrauchZeit (FU:6.12.2025)
A88: 10500081 | C88: Herrn | E88: Dipl.-Ing. | G88: Lukas | K88: Nadvornik | L88: BSc | N88: BSc | O88: Odin | Q88: Tobias Pöcheim v. Jörgi | R88: Alb | S88: UP | T88: 29.01.2010 | U88: 04.12.2010 | V88: 29.10.2011 | W88: 27.10.2018 | Y88: Mitgliedschaft ist aufrecht | Z88: 01.11.1990 | AA88: Linz | AE88: postalisch | AF88: postalisch | AG88: Privatadresse | AH88: Silberweisring 32 | AI88: 3300 | AJ88: Amstetten | AM88: ÖSTERREICH | AN88: NÖ | AO88: +43 664 5311339 | AR88: lukas.nadvornik@gmail.com | AS88: 2009 - 2014 Wirtschaftsingenieurwesen - Maschinenbau - keine Angabe (TU Graz) | 2014 - 2016 Produktion und Management (TU Graz) | AT88: Privatwirtschaft - Industrie - Anlagenbau-- | AV88: Alb:Kassier (SS 2013) | AX88: Alb v. Odin (UP:29.1.2010) | AY88: KTK v. Odin (BU:) | BA88: KTK v. Odin (BU:)
A89: 10500250 | C89: Herrn | E89: Dr. | G89: Martin | K89: Nussbaumer | O89: Stiegl | Q89: Martin Walder v. Kojak | R89: Alb | S89: UP | T89: 24.11.2000 | V89: 05.10.2001 | W89: 03.10.2004 | Y89: Mitgliedschaft ist aufrecht | Z89: 29.08.1981 | AA89: Bad Ischl | AE89: postalisch | AF89: postalisch | AG89: Privatadresse | AH89: Weinbach 126 | AI89: 5360 | AJ89: St. Wolfgang im Salzkammergut | AM89: ÖSTERREICH | AN89: OÖ | AO89: +43 664 8289625 | AR89: martin.nussbaumer@gmail.com | AS89: 0 - 0 Betriebswirtschaft - keine Angabe (Uni Graz) | AT89: Privatwirtschaft - Dienstleistung - IT-Angestellter - Vertiebsleiter - Vertrieb-Key Account Manager | AV89: Alb:Kassier (WS 2001/02) | Alb:Kassier (SS 2002) | Alb:Kassier (SS 2006) | AX89: Alb v. Stiegl (UP:24.11.2000) | AZ89: B-S v. Stiegl (BP:6.12.2008)
A90: 10500268 | C90: Herrn | G90: Gabriel | K90: Ortner | O90: Spontan | Q90: Lukas Aristides Pongratz (Dim) v. Zusatz | R90: Alb | S90: UP | T90: 26.10.2014 | U90: 30.05.2015 | V90: 04.03.2016 | W90: 26.10.2024 | Y90: Mitgliedschaft ist aufrecht | Z90: 21.02.1994 | AE90: elektronisch | AF90: postalisch | AG90: Privatadresse | AH90: Angergasse 11/26 | AI90: 8010 | AJ90: Graz | AM90: ÖSTERREICH | AN90: STMK | AO90: +43 660 2121994 | AR90: ortner.gabriel@gmail.com | AS90: 2014 - 2021 Informatik - Informatik (TU Graz) | AT90: -Angestellter - Softwareentwicklung-Software Entwickler bei Jungheinrich Systemlösungen Graz GmbH | AV90: Alb:Barwart (WS 2015/16) | Alb:Schriftführer (WS 2016/17) | AX90: Alb v. Spontan (UP:26.10.2014) | AY90: TAV v. Odin (UP:) | BA90: TAV v. Odin (UP:)
A91: 10500038 | C91: Herrn | E91: Dipl.-Ing. Dr. | G91: Markus | H91: Georg | K91: Ortner | O91: Erdnuß | P91: 30.09.1971: Siemens AG Österreich, Transformers Weiz, Entwicklungsingenier, R&D | | R91: Alb | S91: UP | T91: 07.04.1992 | W91: Okt. 2001 | Y91: Mitgliedschaft ist aufrecht | Z91: 30.09.1971 | AA91: Graz | AE91: postalisch | AF91: postalisch | AG91: Privatadresse | AH91: Wettmannstätten 103 | AI91: 8521 | AJ91: Wettmannstätten | AM91: ÖSTERREICH | AN91: STMK | AO91: +43 680 1155680 | AR91: markusgeorg.ortner@gmx.at | AS91: 1992 - 1999 Elektrotechnik - Elektrotechnik Studienzweig: Elektrische Energietechnik (TU Graz) | 2009 - 2010 Doktorratsstudium der Technik - Elektrotechnik Studienzweig: Elektrische Energietechnik (TU Graz) | AT91: Privatwirtschaft - Industrie - Elektro, Elektronik und IT-Angestellter - Projektleiter - Entwicklung-Entwicklungsingenieur | AU91: Alb 50-Semester Jubelband (28.10.2017) | AX91: Alb v. Erdnuß (UP:7.4.1992)
A92: 10500251 | C92: Herrn | E92: Bakk. Mag. | G92: Manfred | K92: Pail | O92: Prian | Q92: Christoph Loh v. Striezl | R92: Alb | S92: UP | T92: 24.11.2000 | V92: 05.10.2001 | W92: 18.10.2008 | Y92: Mitgliedschaft ist aufrecht | Z92: 13.11.1980 | AA92: Graz | AE92: postalisch | AF92: postalisch | AG92: Privatadresse | AH92: Murbergstraße 11 | AI92: 8072 | AJ92: Fernitz | AM92: ÖSTERREICH | AN92: STMK | AO92: +43 677 62853224 | AR92: manfred@pail-graz.at | AS92: 2000 - 2006 Sozial- und Wirtschaftswissenschaften - Betriebswirtschaft (Uni Graz) | 2006 - 2008 Sozial- und Wirtschaftswissenschaften - Betriebswirtschaft (Uni Graz) | AT92: Privatwirtschaft - Industrie - Elektro, Elektronik und IT-Geschäftsführender Gesellschafter - Geschäftsführer - Geschäftsleitung/Management-Geschäftsführer | Privatwirtschaft-Selbständiger - Consultant - Consulting-Unternehmensberatung | Öffentliche Wirtschaft - Energieversorgung - Energie Steiermark-Angestellter-Energie Händler | Privatwirtschaft - Industrie - Elektro, Elektronik und IT-Angestellter - Abteilungsleiter - Marketing/Verkauf-Marketing & Sales Director | AV92: Alb:Consenior (WS 2001/02) | Alb:Senior (SS 2002) | Alb:Schriftführer (SS 2003) | GCV:OV-Vizepräsident (Von 01. Jul. 2003 bis 30. Jun. 2004) | AX92: Alb v. Prian (UP:24.11.2000)
A93: 10500256 | C93: Herrn | E93: Dipl.-Ing. | G93: Johann | K93: Payer | O93: Sumin | Q93: Karlheinz Six (Dim) v. Berzelius | R93: Alb | S93: UP | T93: 16.11.2001 | U93: 22.11.2002 | V93: 31.01.2003 | W93: 27.04.2010 | Y93: Mitgliedschaft ist aufrecht | Z93: 19.07.1976 | AE93: postalisch | AF93: postalisch | AG93: Privatadresse | AH93: Graggerer 78 | AI93: 8503 | AJ93: Stainz | AM93: ÖSTERREICH | AN93: STMK | AO93: +43 650 8485869 | AR93: johann.payer@gmx.at | AS93: - Elektrotechnik - keine Angabe (TU Graz) | AT93: Öffentliche Wirtschaft - Dienstleistung-Angestellter - Forschung, Entwicklung & Wissenschaft-Virtual Vehicle Competence Center (ViF) Graz | AV93: Alb:Kassier (SS 2004) | Alb:Kassier (WS 2004/05) | AX93: Alb v. Sumin (UP:16.11.2001) | AY93: SOW (UP:_._.1993) | BA93: SOW (UP:_._.1993)
A94: 10500232 | C94: Herrn | D94: Bez.Vst.-Stv. | G94: Franz Peter | K94: Pergler | N94: M.A. | O94: Arthus | Q94: Bernhard Herfried Stodulka (†) v. Pampam | R94: Alb | S94: UP | T94: 05.03.1993 | U94: 1993 | V94: Mar. 1994 | W94: 30.10.2004 | Y94: Mitgliedschaft ist aufrecht | Z94: 07.09.1972 | AA94: Graz | AE94: postalisch | AF94: postalisch | AG94: Privatadresse | AH94: Karlauerstraße 7 | AI94: 8020 | AJ94: Graz | AM94: ÖSTERREICH | AN94: STMK | AO94: +43 664 3911503 | AQ94: Telefon dienstlich:+43 316 712050 | AR94: franz.pergler@stvp.at | AS94: 2002 - 0 Rechtswissenschaften - keine Angabe (Uni Graz) | 2014 - European Studies (Uni Krems) | AT94: Privatwirtschaft - Handel - Industriegüter-Selbständiger - Geschäftsführer - Handel-ATIGA Import Export Ges.m.b-H | Privatwirtschaft - Handel - Industriegüter-Selbständiger - Konsulent - Vertrieb-PERGLER Ges.m.b.H | Politischer Bereich - Gemeinderat, Stadtsenat o. dgl. - Steiermark-Abgeordneter-1. Bezirksvorsteher-Stellvertreter Graz Gries | AU94: Alb 50-Semester Jubelband (27.10.2018) | AV94: GCV:OV-Präsident (Von 01. Jul. 1997 bis 30. Jun. 1998) | AX94: Alb v. Arthus (UP:5.3.1993) | AY94: ASG v. Arthus (UP:_._.1989) | BA94: ASG v. Arthus (UP:_._.1989)
A95: 10500036 | C95: Herrn | E95: Dipl.-Ing. | G95: Peter | K95: Pfaffenwimmer | O95: Schilcher | R95: Alb | S95: UP | T95: 25.04.1991 | V95: 28.01.1992 | W95: Okt. 1999 | Y95: Mitgliedschaft ist aufrecht | Z95: 01.09.1966 | AA95: Steyr | AE95: postalisch | AF95: postalisch | AG95: Privatadresse | AH95: Makartgasse 11a | AI95: 8010 | AJ95: Graz | AM95: ÖSTERREICH | AN95: STMK | AO95: +43 664 9604620 | AP95: +43 664 2040083 | AR95: peter.pfaffenwimmer@gmx.at | AS95: - Wirtschaftsingenieurwesen - Maschinenbau - keine Angabe (TU Graz) | AT95: Privatwirtschaft - Industrie - Maschinen, Metall und Fahrzeuge-Angestellter - Bereichsleitung- | AU95: Alb 50-Semester Jubelband (29.10.2016) | AX95: Alb v. Schilcher (UP:25.4.1991)
A96: 10500315 | C96: Herrn | G96: Marco | K96: Pichler | O96: Pogo | R96: Alb | S96: BU | T96: 19.12.2022 | U96: 06.10.2023 | V96: 16.12.2023 | Y96: Mitgliedschaft ist aufrecht | Z96: 17.04.2002 | AA96: Deutschlandsberg | AE96: elektronisch | AF96: postalisch | AG96: Privatadresse | AH96: Brockmanngasse 5 | AI96: 8010 | AJ96: Graz | AM96: ÖSTERREICH | AN96: STMK | AO96: +43 681 81781947 | AR96: pichler.marco02@gmail.com | AS96: 2022 - Maschinenbau (TU Graz) | AV96: Alb:Barwart (SS 2023) | Alb:Consenior (SS 2024) | Alb:Kassier (WS 2024/25) | Alb:Consenior 2 (WS 2024/25) | AX96: Alb v. Pogo (BU:19.12.2022)
A97: 10500294 | C97: Herrn | G97: Stefan | K97: Pichler | N97: MA BSc | O97: Jägermeister | Q97: Michael Franz Eibl v. Betöng | R97: Alb | S97: UP | T97: 09.03.2018 | U97: 01.02.2019 | V97: 07.03.2020 | W97: 04.03.2024 | Y97: Mitgliedschaft ist aufrecht | Z97: 25.05.1991 | AA97: Deutschlandsberg | AE97: elektronisch | AF97: postalisch | AG97: Privatadresse | AH97: Landscha an der Mur 10 | AI97: 8424 | AJ97: Gabersdorf | AM97: ÖSTERREICH | AN97: STMK | AO97: +43 676 9023949 | AR97: pichler_stefan@gmx.at | AS97: 2015 - 2020 Strategy, Innovation and Management Control - keine Angabe (CAMPUS 02 FH Graz) | AT97: Öffentlicher Dienst - Schulen - Berufsschulen-Lehrer/Prof. (Uni. und/oder Schule) - Chemie-Berufsschullehrer | AV97: Alb:Barwart 1 (WS 2018/19) | Alb:Kassier (WS 2020/21) | AX97: Alb v. Jägermeister (UP:9.3.2018)
A98: 10500051 | C98: Herrn | E98: Dipl.-Ing. | G98: Stefan | K98: Pittl | O98: Budl | Q98: Johann Payer v. Sumin | R98: Alb | S98: UP | T98: 16.05.2006 | V98: 30.06.2007 | W98: 27.10.2012 | Y98: Mitgliedschaft ist aufrecht | Z98: 18.05.1980 | AE98: postalisch | AF98: postalisch | AG98: Privatadresse | AH98: Bachweg 9a | AI98: 8501 | AJ98: Lieboch | AM98: ÖSTERREICH | AN98: STMK | AO98: +43 650 5150815 | AR98: Stefan@pittl-consult.at | AS98: 0 - 0 Elektrotechnik - keine Angabe (TU Graz) | AV98: Alb:Schriftführer (WS 2006/07) | Alb:Schriftführer (SS 2007) | AX98: Alb v. Budl (UP:16.5.2006)
A99: 10500031 | C99: Herrn | G99: Rene | K99: Planteu | O99: Der Zweitere | P99: 20.09.1985: Test | 20.09.1985: dim.ip. : "Wiederaufnahme" Auflösung dim.ip.: WS 2024/25 | 20.09.1985: Bbr. René Planteu v/o Der Zweitere wurde auf Antrag des Seniors und gestützt auf entsprechende Feststellungen der Studienkommission vom 14.1.2016 mit Beschluss des VG vom 3. Februar 2016 wegen schuldhafter Verletzung der Verpflichtung, als Verbindungs¬mitglied das Studium in angemessener Zeit zu absolvieren, auf die Dauer von zwei Semestern (SS 2016, WS 2016/17, d.h. bis 1. März 2017) seiner aus der Mitgliedschaft zu Albertina erwachsenden Rechte enthoben. | 20.09.1985: Bbr. René Planteu v/o Der Zweitere wurde auf Antrag des Seniors und gestützt auf entsprechende Feststellungen der Studienkommission vom 14.1.2016 mit Beschluss des VG vom 3. Februar 2016 wegen schuldhafter Verletzung der Verpflichtung, als Verbindungs¬mitglied das Studium in angemessener Zeit zu absolvieren, auf die Dauer von zwei Semestern (SS 2016, WS 2016/17, d.h. bis 1. März 2017) seiner aus der Mitgliedschaft zu Albertina erwachsenden Rechte enthoben. | 20.09.1985: Bbr. René Planteu v/o Der Zweitere wurde auf Antrag des Seniors und gestützt auf entsprechende Feststellungen der Studienkommission vom 14.1.2016 mit Beschluss des VG vom 3. Februar 2016 wegen schuldhafter Verletzung der Verpflichtung, als Verbindungs¬mitglied das Studium in angemessener Zeit zu absolvieren, auf die Dauer von zwei Semestern (SS 2016, WS 2016/17, d.h. bis 1. März 2017) seiner aus der Mitgliedschaft zu Albertina erwachsenden Rechte enthoben. | 20.09.1985: Bbr. René Planteu v/o Der Zweitere wurde auf Antrag des Seniors und gestützt auf entsprechende Feststellungen der Studienkommission vom 14.1.2016 mit Beschluss des VG vom 3. Februar 2016 wegen schuldhafter Verletzung der Verpflichtung, als Verbindungs¬mitglied das Studium in angemessener Zeit zu absolvieren, auf die Dauer von zwei Semestern (SS 2016, WS 2016/17, d.h. bis 1. März 2017) seiner aus der Mitgliedschaft zu Albertina erwachsenden Rechte enthoben. Auflösung dim.ip.: WS 2024/25 | | Q99: Johann Payer v. Sumin | R99: Alb | S99: BU | T99: 10.11.2005 | V99: 28.10.2006 | Y99: Mitgliedschaft ist aufrecht | Z99: 20.09.1985 | AA99: Klagenfurt | AE99: elektronisch | AF99: postalisch | AG99: Privatadresse | AH99: Neufeldweg 147c/2 | AI99: 8041 | AJ99: Graz | AM99: ÖSTERREICH | AN99: STMK | AO99: +43 650 5672347 | AS99: 2005 - 0 Technische Chemie - keine Angabe (TU Graz) | AT99: Öffentliche Wirtschaft - Dienstleistung-Angestellter - Wissenschaftlicher Mitarbeiter - Chemie-Techniker | AU99: Alb Dank-Band (27.10.2012) | AV99: Alb:Consenior (WS 2006/07) | Alb:Senior (SS 2007) | Alb:Fuchsmajor (WS 2009/10) | AX99: Alb v. Der Zweitere (BU:10.11.2005) | AY99: SOW v. Neodius (UP:_._.2000) | BA99: SOW v. Neodius (UP:_._.2000)
A100: 10500113 | C100: Herrn | G100: Lukas | H100: Jonathan | K100: Pöcheim | O100: Knedl | P100: 27.09.1991: mit 10.12.2018 freundschaftlich entlassen, im Oktober 2025 als EM wiederaufgenommen | | Q100: Franz-Josef Prüß v. 101er | R100: Alb | S100: EM | T100: 09.12.2011 | U100: 22.06.2012 | V100: 01.02.2013 | Y100: Mitgliedschaft ist aufrecht | Z100: 27.09.1991 | AA100: Klagenfurt | AE100: postalisch | AF100: postalisch | AG100: Privatadresse | AH100: Premstätterweg 4 | AI100: 8141 | AJ100: Unterpremstätten | AM100: ÖSTERREICH | AN100: STMK | AO100: +43 664 1062034 | AR100: lukas.poecheim@gmail.com | AS100: 0 - 0 Bauingenieurwesen Studienzweig: Wasser und Umwelt - keine Angabe (TU Graz) | AV100: Alb:Barwart (WS 2012/13) | Alb:Kassier (SS 2014) | Alb:Consenior (SS 2026) | AW100: Alb:Consenior (SS 2026) | AX100: Alb v. Knedl (EM:9.12.2011) | AY100: PLP v. Absatz (UP:26.12.2006), SOW v. Absatz (BP:7.5.2011) | BA100: PLP v. Absatz (UP:26.12.2006), SOW v. Absatz (BP:7.5.2011)
A101: 10500063 | C101: Herrn | E101: Dipl.-Ing. | G101: Tobias | H101: Fabian | K101: Pöcheim | N101: B.Sc. | O101: Jörgi | Q101: Heribert Probst v. Yoda | R101: Alb | S101: UP | T101: 30.11.2007 | U101: 09.05.2008 | V101: 15.05.2009 | W101: 28.10.2017 | Y101: Mitgliedschaft ist aufrecht | Z101: 21.04.1988 | AA101: Klagenfurt | AE101: postalisch | AF101: postalisch | AG101: Privatadresse | AH101: Hasnerstrasse 14 | AI101: 4020 | AJ101: Linz | AM101: ÖSTERREICH | AN101: OÖ | AO101: +43 664 75043091 | AR101: tobias.poecheim@gmail.com | AS101: 2007 - 2014 Verfahrenstechnik - keine Angabe (TU Graz) | AT101: Privatwirtschaft - Industrie - Chemie, Kunststoffe und Pharma-Eigentümer/Besitzer-ESIM Chemicals | Privatwirtschaft - Industrie - Chemie, Kunststoffe und Pharma-Angestellter - Bereichsverantwortlicher-Director Supply Chain Management | AU101: Alb Dank-Band (28.10.2017) | AV101: Alb:Barwart (WS 2008/09) | Alb:Consenior 1 (WS 2009/10) | Alb:Senior (SS 2010) | Alb:Consenior 2 (WS 2010/11) | Alb:Kassier (SS 2011) | Alb:Kassier (WS 2011/12) | Alb:Kassier (WS 2013/14) | LiCV:OV-Schriftführer (Von 01. Jul. 2015 bis 30. Jun. 2016) | Se:Philisterschriftführer (Von 26. Feb. 2021 bis 15. Nov. 2024) | Contaktforum:Zirkel-Vorsitzender (Ab 16. Jan. 2025) | AW101: Contaktforum:Zirkel-Vorsitzender (Ab 16. Jan. 2025) | AX101: Alb v. Jörgi (UP:30.11.2007), Se v. Jörgi (BP:19.11.2016) | AY101: SOW v. Brutus (BP:26.12.2006), PLP v. Brutus (UP:27.6.2003) | BA101: SOW v. Brutus (BP:26.12.2006), PLP v. Brutus (UP:27.6.2003)
...

Sheet Mailingdaten
A5: CbrPoint | B5: LaufendeNummer | C5: Vorname | D5: Nachname | E5: Couleurname | F5: E-Mail
A6: =IF(Exportdaten!A6<>"",Exportdaten!A6,"") -> 10500102 | B6: =IF(Exportdaten!B6<>"",Exportdaten!B6,"") | C6: =IF(Exportdaten!G6<>"",Exportdaten!G6,"") -> Maximilian | D6: =IF(Exportdaten!K6<>"",Exportdaten!K6,"") -> Amort | E6: =IF(Exportdaten!O6<>"",Exportdaten!O6,"") -> Stoiber | F6: =IF(Exportdaten!AR6<>"",Exportdaten!AR6,"") -> maximilian.amort@gmail.com
A7: =IF(Exportdaten!A7<>"",Exportdaten!A7,"") -> 10500150 | B7: =IF(Exportdaten!B7<>"",Exportdaten!B7,"") | C7: =IF(Exportdaten!G7<>"",Exportdaten!G7,"") -> Engelbert | D7: =IF(Exportdaten!K7<>"",Exportdaten!K7,"") -> Aspeck | E7: =IF(Exportdaten!O7<>"",Exportdaten!O7,"") -> Paracelsus | F7: =IF(Exportdaten!AR7<>"",Exportdaten!AR7,"") -> engelbert.aspeck@outlook.com
A8: =IF(Exportdaten!A8<>"",Exportdaten!A8,"") -> 10500310 | B8: =IF(Exportdaten!B8<>"",Exportdaten!B8,"") | C8: =IF(Exportdaten!G8<>"",Exportdaten!G8,"") -> Gerald | D8: =IF(Exportdaten!K8<>"",Exportdaten!K8,"") -> Baumschlager | E8: =IF(Exportdaten!O8<>"",Exportdaten!O8,"") -> HalloElke | F8: =IF(Exportdaten!AR8<>"",Exportdaten!AR8,"") -> gerald.baumschlager@gmail.com
A9: =IF(Exportdaten!A9<>"",Exportdaten!A9,"") -> 10500298 | B9: =IF(Exportdaten!B9<>"",Exportdaten!B9,"") | C9: =IF(Exportdaten!G9<>"",Exportdaten!G9,"") -> Matthias | D9: =IF(Exportdaten!K9<>"",Exportdaten!K9,"") -> Berger | E9: =IF(Exportdaten!O9<>"",Exportdaten!O9,"") -> HengtBoss | F9: =IF(Exportdaten!AR9<>"",Exportdaten!AR9,"") -> bergermatthias95@gmail.com
A10: =IF(Exportdaten!A10<>"",Exportdaten!A10,"") -> 10500022 | B10: =IF(Exportdaten!B10<>"",Exportdaten!B10,"") | C10: =IF(Exportdaten!G10<>"",Exportdaten!G10,"") -> David | D10: =IF(Exportdaten!K10<>"",Exportdaten!K10,"") -> Binder | E10: =IF(Exportdaten!O10<>"",Exportdaten!O10,"") -> Kojak II. | F10: =IF(Exportdaten!AR10<>"",Exportdaten!AR10,"") -> david.binder@gmx.at
A11: =IF(Exportdaten!A11<>"",Exportdaten!A11,"") -> 13101359 | B11: =IF(Exportdaten!B11<>"",Exportdaten!B11,"") | C11: =IF(Exportdaten!G11<>"",Exportdaten!G11,"") -> Stefan | D11: =IF(Exportdaten!K11<>"",Exportdaten!K11,"") -> Blümke | E11: =IF(Exportdaten!O11<>"",Exportdaten!O11,"") -> Pizzi | F11: =IF(Exportdaten!AR11<>"",Exportdaten!AR11,"") -> bluemke@bssk.at
A12: =IF(Exportdaten!A12<>"",Exportdaten!A12,"") -> 10500121 | B12: =IF(Exportdaten!B12<>"",Exportdaten!B12,"") | C12: =IF(Exportdaten!G12<>"",Exportdaten!G12,"") -> Reinhold | D12: =IF(Exportdaten!K12<>"",Exportdaten!K12,"") -> Böhler | E12: =IF(Exportdaten!O12<>"",Exportdaten!O12,"") -> Cid | F12: =IF(Exportdaten!AR12<>"",Exportdaten!AR12,"") -> boehler.reinhold@gmail.com
A13: =IF(Exportdaten!A13<>"",Exportdaten!A13,"") -> 10500100 | B13: =IF(Exportdaten!B13<>"",Exportdaten!B13,"") | C13: =IF(Exportdaten!G13<>"",Exportdaten!G13,"") -> Gebhard | D13: =IF(Exportdaten!K13<>"",Exportdaten!K13,"") -> Brandweiner | E13: =IF(Exportdaten!O13<>"",Exportdaten!O13,"") -> SichaNet | F13: =IF(Exportdaten!AR13<>"",Exportdaten!AR13,"") -> sichanet@albertina-graz.at
A14: =IF(Exportdaten!A14<>"",Exportdaten!A14,"") -> 11100786 | B14: =IF(Exportdaten!B14<>"",Exportdaten!B14,"") -> 786 | C14: =IF(Exportdaten!G14<>"",Exportdaten!G14,"") -> Gernot | D14: =IF(Exportdaten!K14<>"",Exportdaten!K14,"") -> Brandweiner | E14: =IF(Exportdaten!O14<>"",Exportdaten!O14,"") -> Stiel | F14: =IF(Exportdaten!AR14<>"",Exportdaten!AR14,"") -> brandweiner_gernot@outlook.com
A15: =IF(Exportdaten!A15<>"",Exportdaten!A15,"") -> 10500044 | B15: =IF(Exportdaten!B15<>"",Exportdaten!B15,"") | C15: =IF(Exportdaten!G15<>"",Exportdaten!G15,"") -> Viktor | D15: =IF(Exportdaten!K15<>"",Exportdaten!K15,"") -> Brudniak | E15: =IF(Exportdaten!O15<>"",Exportdaten!O15,"") -> Ex | F15: =IF(Exportdaten!AR15<>"",Exportdaten!AR15,"") -> viktor.brudniak@gmx.at
A16: =IF(Exportdaten!A16<>"",Exportdaten!A16,"") -> 10500229 | B16: =IF(Exportdaten!B16<>"",Exportdaten!B16,"") | C16: =IF(Exportdaten!G16<>"",Exportdaten!G16,"") -> Lukas | D16: =IF(Exportdaten!K16<>"",Exportdaten!K16,"") -> Charisius | E16: =IF(Exportdaten!O16<>"",Exportdaten!O16,"") -> Enrico | F16: =IF(Exportdaten!AR16<>"",Exportdaten!AR16,"") -> lukas.charisius@jus.cc
A17: =IF(Exportdaten!A17<>"",Exportdaten!A17,"") -> 12200062 | B17: =IF(Exportdaten!B17<>"",Exportdaten!B17,"") | C17: =IF(Exportdaten!G17<>"",Exportdaten!G17,"") -> Markus | D17: =IF(Exportdaten!K17<>"",Exportdaten!K17,"") -> Charisius | E17: =IF(Exportdaten!O17<>"",Exportdaten!O17,"") -> Merlin | F17: =IF(Exportdaten!AR17<>"",Exportdaten!AR17,"") -> markus.charisius@gmail.com
... A173: =IF(Exportdaten!A173<>"",Exportdaten!A173,"") -> 10500096 | B173: =IF(Exportdaten!B173<>"",Exportdaten!B173,"") | C173: =IF(Exportdaten!G173<>"",Exportdaten!G173,"") -> Nikolaus | D173: =IF(Exportdaten!K173<>"",Exportdaten!K173,"") -> Zoltan | E173: =IF(Exportdaten!O173<>"",Exportdaten!O173,"") -> Flipper | F173: =IF(Exportdaten!AR173<>"",Exportdaten!AR173,"") -> zoltan.niko@gmail.com

Sheet Adressdaten
P3: Zustelladresse
A5: CbrPoint | B5: LaufendeNummer | C5: Anrede | D5: Berufstitel | E5: AkademischerGrad | F5: VornamePrae | G5: Vorname | H5: Vorname2 | I5: VornamePost | J5: NachnamePrae | K5: Nachname | L5: NachnamePost | M5: Orden | N5: PostgradualerTitel | O5: Verbindungszeitung | P5: Adresstyp | Q5: Strasse | R5: PLZ | S5: Ort | T5: co1 | U5: co2 | V5: Land
A6: =IF(Exportdaten!A6<>"",Exportdaten!A6,"") -> 10500102 | B6: =IF(Exportdaten!B6<>"",Exportdaten!B6,"") | C6: =IF(Exportdaten!C6<>"",Exportdaten!C6,"") -> Herrn | D6: =IF(Exportdaten!D6<>"",Exportdaten!D6,"") | E6: =IF(Exportdaten!E6<>"",Exportdaten!E6,"") | F6: =IF(Exportdaten!F6<>"",Exportdaten!F6,"") | G6: =IF(Exportdaten!G6<>"",Exportdaten!G6,"") -> Maximilian | H6: =IF(Exportdaten!H6<>"",Exportdaten!H6,"") -> Joseph Andreas | ... N6: =IF(Exportdaten!N6<>"",Exportdaten!N6,"") | O6: =IF(Exportdaten!AF6<>"",Exportdaten!AF6,"") -> postalisch | P6: =IF(Exportdaten!AG6<>"",Exportdaten!AG6,"") -> Privatadresse | Q6: =IF(Exportdaten!AH6<>"",Exportdaten!AH6,"") -> 38, rue de la Corniche | R6: =IF(Exportdaten!AI6<>"",Exportdaten!AI6,"") -> 5956 | S6: =IF(Exportdaten!AJ6<>"",Exportdaten!AJ6,"") -> Itzig | T6: =IF(Exportdaten!AK6<>"",Exportdaten!AK6,"") | U6: =IF(Exportdaten!AL6<>"",Exportdaten!AL6,"") | V6: =IF(Exportdaten!AM6<>"",Exportdaten!AM6,"") -> LUXEMBURG
A7: =IF(Exportdaten!A7<>"",Exportdaten!A7,"") -> 10500150 | B7: =IF(Exportdaten!B7<>"",Exportdaten!B7,"") | C7: =IF(Exportdaten!C7<>"",Exportdaten!C7,"") -> Herrn | D7: =IF(Exportdaten!D7<>"",Exportdaten!D7,"") | E7: =IF(Exportdaten!E7<>"",Exportdaten!E7,"") -> Dr. | F7: =IF(Exportdaten!F7<>"",Exportdaten!F7,"") | G7: =IF(Exportdaten!G7<>"",Exportdaten!G7,"") -> Engelbert | H7: =IF(Exportdaten!H7<>"",Exportdaten!H7,"") | ... N7: =IF(Exportdaten!N7<>"",Exportdaten!N7,"") | O7: =IF(Exportdaten!AF7<>"",Exportdaten!AF7,"") -> postalisch | P7: =IF(Exportdaten!AG7<>"",Exportdaten!AG7,"") -> Privatadresse | Q7: =IF(Exportdaten!AH7<>"",Exportdaten!AH7,"") -> Unterer Plattenweg 65 | R7: =IF(Exportdaten!AI7<>"",Exportdaten!AI7,"") -> 8043 | S7: =IF(Exportdaten!AJ7<>"",Exportdaten!AJ7,"") -> Graz | T7: =IF(Exportdaten!AK7<>"",Exportdaten!AK7,"") | U7: =IF(Exportdaten!AL7<>"",Exportdaten!AL7,"") | V7: =IF(Exportdaten!AM7<>"",Exportdaten!AM7,"") -> ÖSTERREICH
A8: =IF(Exportdaten!A8<>"",Exportdaten!A8,"") -> 10500310 | B8: =IF(Exportdaten!B8<>"",Exportdaten!B8,"") | C8: =IF(Exportdaten!C8<>"",Exportdaten!C8,"") -> Herrn | D8: =IF(Exportdaten!D8<>"",Exportdaten!D8,"") | E8: =IF(Exportdaten!E8<>"",Exportdaten!E8,"") | F8: =IF(Exportdaten!F8<>"",Exportdaten!F8,"") | G8: =IF(Exportdaten!G8<>"",Exportdaten!G8,"") -> Gerald | H8: =IF(Exportdaten!H8<>"",Exportdaten!H8,"") | ... N8: =IF(Exportdaten!N8<>"",Exportdaten!N8,"") -> BSc | O8: =IF(Exportdaten!AF8<>"",Exportdaten!AF8,"") -> postalisch | P8: =IF(Exportdaten!AG8<>"",Exportdaten!AG8,"") -> Privatadresse | Q8: =IF(Exportdaten!AH8<>"",Exportdaten!AH8,"") -> Kettengasse 3b / 14 | R8: =IF(Exportdaten!AI8<>"",Exportdaten!AI8,"") -> 8010 | S8: =IF(Exportdaten!AJ8<>"",Exportdaten!AJ8,"") -> Graz | T8: =IF(Exportdaten!AK8<>"",Exportdaten!AK8,"") | U8: =IF(Exportdaten!AL8<>"",Exportdaten!AL8,"") | V8: =IF(Exportdaten!AM8<>"",Exportdaten!AM8,"") -> ÖSTERREICH
A9: =IF(Exportdaten!A9<>"",Exportdaten!A9,"") -> 10500298 | B9: =IF(Exportdaten!B9<>"",Exportdaten!B9,"") | C9: =IF(Exportdaten!C9<>"",Exportdaten!C9,"") -> Herrn | D9: =IF(Exportdaten!D9<>"",Exportdaten!D9,"") | E9: =IF(Exportdaten!E9<>"",Exportdaten!E9,"") | F9: =IF(Exportdaten!F9<>"",Exportdaten!F9,"") | G9: =IF(Exportdaten!G9<>"",Exportdaten!G9,"") -> Matthias | H9: =IF(Exportdaten!H9<>"",Exportdaten!H9,"") | ... N9: =IF(Exportdaten!N9<>"",Exportdaten!N9,"") | O9: =IF(Exportdaten!AF9<>"",Exportdaten!AF9,"") -> postalisch | P9: =IF(Exportdaten!AG9<>"",Exportdaten!AG9,"") -> Privatadresse | Q9: =IF(Exportdaten!AH9<>"",Exportdaten!AH9,"") -> Raimundgasse 2/1 | R9: =IF(Exportdaten!AI9<>"",Exportdaten!AI9,"") -> 8010 | S9: =IF(Exportdaten!AJ9<>"",Exportdaten!AJ9,"") -> Graz | T9: =IF(Exportdaten!AK9<>"",Exportdaten!AK9,"") | U9: =IF(Exportdaten!AL9<>"",Exportdaten!AL9,"") | V9: =IF(Exportdaten!AM9<>"",Exportdaten!AM9,"") -> ÖSTERREICH
A10: =IF(Exportdaten!A10<>"",Exportdaten!A10,"") -> 10500022 | B10: =IF(Exportdaten!B10<>"",Exportdaten!B10,"") | C10: =IF(Exportdaten!C10<>"",Exportdaten!C10,"") -> Herrn | D10: =IF(Exportdaten!D10<>"",Exportdaten!D10,"") | E10: =IF(Exportdaten!E10<>"",Exportdaten!E10,"") -> DI (FH) | F10: =IF(Exportdaten!F10<>"",Exportdaten!F10,"") | G10: =IF(Exportdaten!G10<>"",Exportdaten!G10,"") -> David | H10: =IF(Exportdaten!H10<>"",Exportdaten!H10,"") | ... N10: =IF(Exportdaten!N10<>"",Exportdaten!N10,"") | O10: =IF(Exportdaten!AF10<>"",Exportdaten!AF10,"") -> postalisch | P10: =IF(Exportdaten!AG10<>"",Exportdaten!AG10,"") -> Privatadresse | Q10: =IF(Exportdaten!AH10<>"",Exportdaten!AH10,"") -> Dorfstraße 58 | R10: =IF(Exportdaten!AI10<>"",Exportdaten!AI10,"") -> 8403 | S10: =IF(Exportdaten!AJ10<>"",Exportdaten!AJ10,"") -> Sankt Margarethen bei Lebring | T10: =IF(Exportdaten!AK10<>"",Exportdaten!AK10,"") | U10: =IF(Exportdaten!AL10<>"",Exportdaten!AL10,"") | V10: =IF(Exportdaten!AM10<>"",Exportdaten!AM10,"") -> ÖSTERREICH
A11: =IF(Exportdaten!A11<>"",Exportdaten!A11,"") -> 13101359 | B11: =IF(Exportdaten!B11<>"",Exportdaten!B11,"") | C11: =IF(Exportdaten!C11<>"",Exportdaten!C11,"") -> Herrn | D11: =IF(Exportdaten!D11<>"",Exportdaten!D11,"") -> RA | E11: =IF(Exportdaten!E11<>"",Exportdaten!E11,"") -> Mag. | F11: =IF(Exportdaten!F11<>"",Exportdaten!F11,"") | G11: =IF(Exportdaten!G11<>"",Exportdaten!G11,"") -> Stefan | H11: =IF(Exportdaten!H11<>"",Exportdaten!H11,"") -> Albert | ... N11: =IF(Exportdaten!N11<>"",Exportdaten!N11,"") | O11: =IF(Exportdaten!AF11<>"",Exportdaten!AF11,"") -> postalisch | P11: =IF(Exportdaten!AG11<>"",Exportdaten!AG11,"") -> Privatadresse | Q11: =IF(Exportdaten!AH11<>"",Exportdaten!AH11,"") -> Bergerweg 3 | R11: =IF(Exportdaten!AI11<>"",Exportdaten!AI11,"") -> 4212 | S11: =IF(Exportdaten!AJ11<>"",Exportdaten!AJ11,"") -> Neumarkt im Mühlkreis | T11: =IF(Exportdaten!AK11<>"",Exportdaten!AK11,"") | U11: =IF(Exportdaten!AL11<>"",Exportdaten!AL11,"") | V11: =IF(Exportdaten!AM11<>"",Exportdaten!AM11,"") -> ÖSTERREICH
A12: =IF(Exportdaten!A12<>"",Exportdaten!A12,"") -> 10500121 | B12: =IF(Exportdaten!B12<>"",Exportdaten!B12,"") | C12: =IF(Exportdaten!C12<>"",Exportdaten!C12,"") -> Herrn | D12: =IF(Exportdaten!D12<>"",Exportdaten!D12,"") | E12: =IF(Exportdaten!E12<>"",Exportdaten!E12,"") -> Dr. | F12: =IF(Exportdaten!F12<>"",Exportdaten!F12,"") | G12: =IF(Exportdaten!G12<>"",Exportdaten!G12,"") -> Reinhold | H12: =IF(Exportdaten!H12<>"",Exportdaten!H12,"") | ... N12: =IF(Exportdaten!N12<>"",Exportdaten!N12,"") | O12: =IF(Exportdaten!AF12<>"",Exportdaten!AF12,"") -> postalisch | P12: =IF(Exportdaten!AG12<>"",Exportdaten!AG12,"") -> Privatadresse | Q12: =IF(Exportdaten!AH12<>"",Exportdaten!AH12,"") -> Schulweg 5A | R12: =IF(Exportdaten!AI12<>"",Exportdaten!AI12,"") -> 6973 | S12: =IF(Exportdaten!AJ12<>"",Exportdaten!AJ12,"") -> Höchst | T12: =IF(Exportdaten!AK12<>"",Exportdaten!AK12,"") | U12: =IF(Exportdaten!AL12<>"",Exportdaten!AL12,"") | V12: =IF(Exportdaten!AM12<>"",Exportdaten!AM12,"") -> ÖSTERREICH
A13: =IF(Exportdaten!A13<>"",Exportdaten!A13,"") -> 10500100 | B13: =IF(Exportdaten!B13<>"",Exportdaten!B13,"") | C13: =IF(Exportdaten!C13<>"",Exportdaten!C13,"") -> Herrn | D13: =IF(Exportdaten!D13<>"",Exportdaten!D13,"") -> Prof. | E13: =IF(Exportdaten!E13<>"",Exportdaten!E13,"") -> Mag. | F13: =IF(Exportdaten!F13<>"",Exportdaten!F13,"") | G13: =IF(Exportdaten!G13<>"",Exportdaten!G13,"") -> Gebhard | H13: =IF(Exportdaten!H13<>"",Exportdaten!H13,"") | ... N13: =IF(Exportdaten!N13<>"",Exportdaten!N13,"") | O13: =IF(Exportdaten!AF13<>"",Exportdaten!AF13,"") -> postalisch | P13: =IF(Exportdaten!AG13<>"",Exportdaten!AG13,"") -> Privatadresse | Q13: =IF(Exportdaten!AH13<>"",Exportdaten!AH13,"") -> Schillerstraße 27a/1 | R13: =IF(Exportdaten!AI13<>"",Exportdaten!AI13,"") -> 8010 | S13: =IF(Exportdaten!AJ13<>"",Exportdaten!AJ13,"") -> Graz | T13: =IF(Exportdaten!AK13<>"",Exportdaten!AK13,"") | U13: =IF(Exportdaten!AL13<>"",Exportdaten!AL13,"") | V13: =IF(Exportdaten!AM13<>"",Exportdaten!AM13,"") -> ÖSTERREICH
A14: =IF(Exportdaten!A14<>"",Exportdaten!A14,"") -> 11100786 | B14: =IF(Exportdaten!B14<>"",Exportdaten!B14,"") -> 786 | C14: =IF(Exportdaten!C14<>"",Exportdaten!C14,"") -> Herrn | D14: =IF(Exportdaten!D14<>"",Exportdaten!D14,"") -> Gschf. | E14: =IF(Exportdaten!E14<>"",Exportdaten!E14,"") -> Dipl.-Ing. | F14: =IF(Exportdaten!F14<>"",Exportdaten!F14,"") | G14: =IF(Exportdaten!G14<>"",Exportdaten!G14,"") -> Gernot | H14: =IF(Exportdaten!H14<>"",Exportdaten!H14,"") | ... N14: =IF(Exportdaten!N14<>"",Exportdaten!N14,"") -> MBA | O14: =IF(Exportdaten!AF14<>"",Exportdaten!AF14,"") -> postalisch | P14: =IF(Exportdaten!AG14<>"",Exportdaten!AG14,"") -> Privatadresse | Q14: =IF(Exportdaten!AH14<>"",Exportdaten!AH14,"") -> Krispl 70 | R14: =IF(Exportdaten!AI14<>"",Exportdaten!AI14,"") -> 5425 | S14: =IF(Exportdaten!AJ14<>"",Exportdaten!AJ14,"") -> Krispl | T14: =IF(Exportdaten!AK14<>"",Exportdaten!AK14,"") | U14: =IF(Exportdaten!AL14<>"",Exportdaten!AL14,"") | V14: =IF(Exportdaten!AM14<>"",Exportdaten!AM14,"") -> ÖSTERREICH
A15: =IF(Exportdaten!A15<>"",Exportdaten!A15,"") -> 10500044 | B15: =IF(Exportdaten!B15<>"",Exportdaten!B15,"") | C15: =IF(Exportdaten!C15<>"",Exportdaten!C15,"") -> Herrn | D15: =IF(Exportdaten!D15<>"",Exportdaten!D15,"") -> FA | E15: =IF(Exportdaten!E15<>"",Exportdaten!E15,"") -> Dr. | F15: =IF(Exportdaten!F15<>"",Exportdaten!F15,"") | G15: =IF(Exportdaten!G15<>"",Exportdaten!G15,"") -> Viktor | H15: =IF(Exportdaten!H15<>"",Exportdaten!H15,"") | ... N15: =IF(Exportdaten!N15<>"",Exportdaten!N15,"") | O15: =IF(Exportdaten!AF15<>"",Exportdaten!AF15,"") -> postalisch | P15: =IF(Exportdaten!AG15<>"",Exportdaten!AG15,"") -> Privatadresse | Q15: =IF(Exportdaten!AH15<>"",Exportdaten!AH15,"") -> Kresbach 138 | R15: =IF(Exportdaten!AI15<>"",Exportdaten!AI15,"") -> 8530 | S15: =IF(Exportdaten!AJ15<>"",Exportdaten!AJ15,"") -> Deutschlandsberg | T15: =IF(Exportdaten!AK15<>"",Exportdaten!AK15,"") | U15: =IF(Exportdaten!AL15<>"",Exportdaten!AL15,"") | V15: =IF(Exportdaten!AM15<>"",Exportdaten!AM15,"") -> ÖSTERREICH
A16: =IF(Exportdaten!A16<>"",Exportdaten!A16,"") -> 10500229 | B16: =IF(Exportdaten!B16<>"",Exportdaten!B16,"") | C16: =IF(Exportdaten!C16<>"",Exportdaten!C16,"") -> Herrn | D16: =IF(Exportdaten!D16<>"",Exportdaten!D16,"") -> RA | E16: =IF(Exportdaten!E16<>"",Exportdaten!E16,"") -> Mag. Dr. | F16: =IF(Exportdaten!F16<>"",Exportdaten!F16,"") | G16: =IF(Exportdaten!G16<>"",Exportdaten!G16,"") -> Lukas | H16: =IF(Exportdaten!H16<>"",Exportdaten!H16,"") | ... N16: =IF(Exportdaten!N16<>"",Exportdaten!N16,"") | O16: =IF(Exportdaten!AF16<>"",Exportdaten!AF16,"") -> postalisch | P16: =IF(Exportdaten!AG16<>"",Exportdaten!AG16,"") -> Privatadresse | Q16: =IF(Exportdaten!AH16<>"",Exportdaten!AH16,"") -> Max-Valier-Straße 24 | R16: =IF(Exportdaten!AI16<>"",Exportdaten!AI16,"") -> 39100 | S16: =IF(Exportdaten!AJ16<>"",Exportdaten!AJ16,"") -> Bozen | T16: =IF(Exportdaten!AK16<>"",Exportdaten!AK16,"") | U16: =IF(Exportdaten!AL16<>"",Exportdaten!AL16,"") | V16: =IF(Exportdaten!AM16<>"",Exportdaten!AM16,"") -> ITALIEN
A17: =IF(Exportdaten!A17<>"",Exportdaten!A17,"") -> 12200062 | B17: =IF(Exportdaten!B17<>"",Exportdaten!B17,"") | C17: =IF(Exportdaten!C17<>"",Exportdaten!C17,"") -> Herrn | D17: =IF(Exportdaten!D17<>"",Exportdaten!D17,"") | E17: =IF(Exportdaten!E17<>"",Exportdaten!E17,"") -> Dr. | F17: =IF(Exportdaten!F17<>"",Exportdaten!F17,"") | G17: =IF(Exportdaten!G17<>"",Exportdaten!G17,"") -> Markus | H17: =IF(Exportdaten!H17<>"",Exportdaten!H17,"") | ... N17: =IF(Exportdaten!N17<>"",Exportdaten!N17,"") | O17: =IF(Exportdaten!AF17<>"",Exportdaten!AF17,"") -> postalisch | P17: =IF(Exportdaten!AG17<>"",Exportdaten!AG17,"") | Q17: =IF(Exportdaten!AH17<>"",Exportdaten!AH17,"") | R17: =IF(Exportdaten!AI17<>"",Exportdaten!AI17,"") | S17: =IF(Exportdaten!AJ17<>"",Exportdaten!AJ17,"") | T17: =IF(Exportdaten!AK17<>"",Exportdaten!AK17,"") | U17: =IF(Exportdaten!AL17<>"",Exportdaten!AL17,"") | V17: =IF(Exportdaten!AM17<>"",Exportdaten!AM17,"")
... A173: =IF(Exportdaten!A173<>"",Exportdaten!A173,"") -> 10500096 | B173: =IF(Exportdaten!B173<>"",Exportdaten!B173,"") | C173: =IF(Exportdaten!C173<>"",Exportdaten!C173,"") -> Herrn | D173: =IF(Exportdaten!D173<>"",Exportdaten!D173,"") | E173: =IF(Exportdaten!E173<>"",Exportdaten!E173,"") | F173: =IF(Exportdaten!F173<>"",Exportdaten!F173,"") | G173: =IF(Exportdaten!G173<>"",Exportdaten!G173,"") -> Nikolaus | H173: =IF(Exportdaten!H173<>"",Exportdaten!H173,"") -> Zoltan | ... N173: =IF(Exportdaten!N173<>"",Exportdaten!N173,"") | O173: =IF(Exportdaten!AF173<>"",Exportdaten!AF173,"") -> postalisch | P173: =IF(Exportdaten!AG173<>"",Exportdaten!AG173,"") -> Privatadresse | Q173: =IF(Exportdaten!AH173<>"",Exportdaten!AH173,"") -> Entenplatz 12/11 | R173: =IF(Exportdaten!AI173<>"",Exportdaten!AI173,"") -> 8020 | S173: =IF(Exportdaten!AJ173<>"",Exportdaten!AJ173,"") -> Graz | T173: =IF(Exportdaten!AK173<>"",Exportdaten!AK173,"") | U173: =IF(Exportdaten!AL173<>"",Exportdaten!AL173,"") | V173: =IF(Exportdaten!AM173<>"",Exportdaten!AM173,"") -> ÖSTERREICH
